Date,Price,Open,High,Low,Vol.,Change %
29-Mar-18,2640.87,2614.41,2659.07,2609.72,-,1.38%
28-Mar-18,2605.00,2611.30,2632.65,2593.06,-,-0.29%
27-Mar-18,2612.62,2667.57,2674.78,2596.12,-,-1.73%
26-Mar-18,2658.55,2619.35,2661.36,2601.81,-,2.72%
23-Mar-18,2588.26,2646.71,2657.67,2585.89,-,-2.10%
22-Mar-18,2643.69,2691.36,2695.68,2641.59,-,-2.52%
21-Mar-18,2711.93,2714.99,2739.14,2709.79,-,-0.18%
20-Mar-18,2716.94,2715.05,2724.22,2710.05,-,0.15%
19-Mar-18,2712.92,2741.38,2741.38,2694.59,-,-1.42%
16-Mar-18,2752.01,2750.57,2761.85,2749.97,-,0.17%
15-Mar-18,2747.33,2754.27,2763.03,2741.47,-,-0.08%
14-Mar-18,2749.48,2774.06,2777.11,2744.38,-,-0.57%
13-Mar-18,2765.31,2792.31,2801.90,2758.68,-,-0.64%
12-Mar-18,2783.02,2790.54,2796.98,2779.26,-,-0.13%
9-Mar-18,2786.57,2752.91,2786.57,2751.54,-,1.74%
8-Mar-18,2738.97,2732.75,2740.45,2722.65,-,0.45%
7-Mar-18,2726.80,2710.18,2730.60,2701.74,-,-0.05%
6-Mar-18,2728.12,2730.18,2732.08,2711.26,-,0.26%
5-Mar-18,2720.94,2681.06,2728.09,2675.75,-,1.10%
2-Mar-18,2691.25,2658.89,2696.25,2647.32,-,0.51%
1-Mar-18,2677.67,2715.22,2730.89,2659.65,-,-1.33%
28-Feb-18,2713.83,2753.78,2761.52,2713.54,-,-1.11%
27-Feb-18,2744.28,2780.45,2789.15,2744.22,-,-1.27%
26-Feb-18,2779.60,2757.37,2780.64,2753.78,-,1.18%
23-Feb-18,2747.30,2715.80,2747.76,2713.74,-,1.60%
22-Feb-18,2703.96,2710.42,2731.26,2697.77,-,0.10%
21-Feb-18,2701.33,2720.53,2747.75,2701.29,-,-0.55%
20-Feb-18,2716.26,2722.99,2737.60,2706.76,-,-0.58%
16-Feb-18,2732.22,2727.14,2754.42,2725.11,-,0.04%
15-Feb-18,2731.20,2713.46,2731.51,2689.82,-,1.21%
14-Feb-18,2698.63,2651.21,2702.10,2648.87,-,1.34%
13-Feb-18,2662.94,2646.27,2668.84,2637.08,-,0.26%
12-Feb-18,2656.00,2636.75,2672.61,2622.45,-,1.39%
9-Feb-18,2619.55,2601.78,2638.67,2532.69,-,1.49%
8-Feb-18,2581.00,2685.01,2685.27,2580.56,-,-3.75%
7-Feb-18,2681.66,2690.95,2727.67,2681.33,-,-0.50%
6-Feb-18,2695.14,2614.78,2701.04,2593.07,-,1.74%
5-Feb-18,2648.94,2741.06,2763.39,2638.17,-,-4.10%
2-Feb-18,2762.13,2808.92,2808.92,2759.97,-,-2.12%
1-Feb-18,2821.98,2816.45,2835.96,2812.70,-,-0.06%
31-Jan-18,2823.81,2832.41,2839.26,2813.04,-,0.05%
30-Jan-18,2822.43,2832.74,2837.75,2818.27,-,-1.09%
29-Jan-18,2853.53,2867.23,2870.62,2851.48,-,-0.67%
26-Jan-18,2872.87,2847.48,2872.87,2846.18,-,1.18%
25-Jan-18,2839.25,2846.24,2848.56,2830.94,-,0.06%
24-Jan-18,2837.54,2845.42,2852.97,2824.81,-,-0.06%
23-Jan-18,2839.13,2835.05,2842.24,2830.59,-,0.22%
22-Jan-18,2832.97,2809.16,2833.03,2808.12,-,0.81%
19-Jan-18,2810.30,2802.60,2810.33,2798.08,-,0.44%
18-Jan-18,2798.03,2802.40,2805.83,2792.56,-,-0.16%
17-Jan-18,2802.56,2784.99,2807.04,2778.38,-,0.94%
16-Jan-18,2776.42,2798.96,2807.54,2768.64,-,-0.35%
12-Jan-18,2786.24,2770.18,2787.85,2769.64,-,0.67%
11-Jan-18,2767.56,2752.97,2767.56,2752.78,-,0.70%
10-Jan-18,2748.23,2745.55,2750.80,2736.06,-,-0.11%
9-Jan-18,2751.29,2751.15,2759.14,2747.86,-,0.13%
8-Jan-18,2747.71,2742.67,2748.51,2737.60,-,0.17%
5-Jan-18,2743.15,2731.33,2743.45,2727.92,-,0.70%
4-Jan-18,2723.99,2719.31,2729.29,2719.07,-,0.40%
3-Jan-18,2713.06,2697.85,2714.37,2697.77,-,0.64%
2-Jan-18,2695.81,2683.73,2695.89,2682.36,-,0.83%
29-Dec-17,2673.61,2689.15,2692.12,2673.61,-,-0.52%
28-Dec-17,2687.54,2686.10,2687.66,2682.69,-,0.18%
27-Dec-17,2682.62,2682.10,2685.64,2678.91,-,0.08%
26-Dec-17,2680.50,2679.09,2682.74,2677.96,-,-0.11%
22-Dec-17,2683.34,2684.22,2685.35,2678.13,-,-0.05%
21-Dec-17,2684.57,2683.02,2692.64,2682.40,-,0.20%
20-Dec-17,2679.25,2688.18,2691.01,2676.11,-,-0.08%
19-Dec-17,2681.47,2692.71,2694.44,2680.74,-,-0.32%
18-Dec-17,2690.16,2685.92,2694.97,2685.92,-,0.54%
15-Dec-17,2675.81,2660.63,2679.63,2659.14,-,0.90%
14-Dec-17,2652.01,2665.87,2668.09,2652.01,-,-0.41%
13-Dec-17,2662.85,2667.59,2671.88,2662.85,-,-0.05%
12-Dec-17,2664.11,2661.73,2669.72,2659.78,-,0.15%
11-Dec-17,2659.99,2652.19,2660.33,2651.47,-,0.32%
8-Dec-17,2651.50,2646.21,2651.65,2644.10,-,0.55%
7-Dec-17,2636.98,2628.38,2640.99,2626.53,-,0.29%
6-Dec-17,2629.27,2626.24,2634.41,2624.75,-,-0.01%
5-Dec-17,2629.57,2639.78,2648.72,2627.73,-,-0.37%
4-Dec-17,2639.44,2657.19,2665.19,2639.03,-,-0.11%
1-Dec-17,2642.22,2645.10,2650.62,2605.52,-,-0.20%
30-Nov-17,2647.58,2633.93,2657.74,2633.93,-,0.82%
29-Nov-17,2626.07,2627.82,2634.89,2620.32,-,-0.04%
28-Nov-17,2627.04,2605.94,2627.69,2605.44,-,0.98%
27-Nov-17,2601.42,2602.66,2606.41,2598.87,-,-0.04%
24-Nov-17,2602.42,2600.42,2604.21,2600.42,-,0.21%
22-Nov-17,2597.08,2600.31,2600.94,2595.23,-,-0.08%
21-Nov-17,2599.03,2589.17,2601.19,2589.17,-,0.65%
20-Nov-17,2582.14,2579.49,2584.64,2578.24,-,0.13%
17-Nov-17,2578.85,2582.94,2583.96,2577.62,-,-0.26%
16-Nov-17,2585.64,2572.95,2590.09,2572.95,-,0.82%
15-Nov-17,2564.62,2569.45,2572.84,2557.45,-,-0.55%
14-Nov-17,2578.87,2577.75,2579.66,2566.56,-,-0.23%
13-Nov-17,2584.84,2576.53,2587.66,2574.48,-,0.10%
10-Nov-17,2582.30,2580.18,2583.81,2575.57,-,-0.09%
9-Nov-17,2584.62,2584.00,2586.50,2566.33,-,-0.38%
8-Nov-17,2594.38,2588.71,2595.47,2585.02,-,0.14%
7-Nov-17,2590.64,2592.11,2597.02,2584.35,-,-0.02%
6-Nov-17,2591.13,2587.47,2593.38,2585.66,-,0.13%
3-Nov-17,2587.84,2581.93,2588.42,2576.77,-,0.31%
2-Nov-17,2579.85,2579.46,2581.11,2566.17,-,0.02%
1-Nov-17,2579.36,2583.21,2588.40,2574.92,-,0.16%
31-Oct-17,2575.26,2575.99,2578.29,2572.15,-,0.09%
30-Oct-17,2572.83,2577.75,2580.03,2568.25,-,-0.32%
27-Oct-17,2581.07,2570.26,2582.98,2565.94,-,0.81%
26-Oct-17,2560.40,2560.08,2567.07,2559.80,-,0.13%
25-Oct-17,2557.15,2566.52,2567.40,2544.00,-,-0.47%
24-Oct-17,2569.13,2568.66,2572.18,2565.58,-,0.16%
23-Oct-17,2564.98,2578.08,2578.29,2564.33,-,-0.40%
20-Oct-17,2575.21,2567.56,2575.44,2567.56,-,0.51%
19-Oct-17,2562.10,2553.39,2562.36,2547.92,-,0.03%
18-Oct-17,2561.26,2562.87,2564.11,2559.67,-,0.07%
17-Oct-17,2559.36,2557.17,2559.71,2554.69,-,0.07%
16-Oct-17,2557.64,2555.57,2559.47,2552.64,-,0.18%
13-Oct-17,2553.17,2555.66,2557.65,2552.09,-,0.09%
12-Oct-17,2550.93,2552.88,2555.33,2548.31,-,-0.17%
11-Oct-17,2555.24,2550.62,2555.24,2547.95,-,0.18%
10-Oct-17,2550.64,2549.99,2555.23,2544.86,-,0.23%
9-Oct-17,2544.73,2551.39,2551.82,2541.60,-,-0.18%
6-Oct-17,2549.33,2547.44,2549.41,2543.79,-,-0.11%
5-Oct-17,2552.07,2540.86,2552.51,2540.02,-,0.56%
4-Oct-17,2537.74,2533.48,2540.53,2531.80,-,0.12%
3-Oct-17,2534.58,2530.34,2535.13,2528.85,-,0.22%
2-Oct-17,2529.12,2521.20,2529.23,2520.40,-,0.39%
29-Sep-17,2519.36,2509.96,2519.44,2507.99,-,0.37%
28-Sep-17,2510.06,2503.41,2510.81,2502.93,-,0.12%
27-Sep-17,2507.04,2503.30,2511.75,2495.91,-,0.41%
26-Sep-17,2496.84,2501.04,2503.51,2495.12,-,0.01%
25-Sep-17,2496.66,2499.39,2502.54,2488.03,-,-0.22%
22-Sep-17,2502.22,2497.26,2503.47,2496.54,-,0.06%
21-Sep-17,2500.60,2507.16,2507.16,2499.00,-,-0.30%
20-Sep-17,2508.24,2506.84,2508.85,2496.67,-,0.06%
19-Sep-17,2506.65,2506.29,2507.84,2503.19,-,0.11%
18-Sep-17,2503.87,2502.51,2508.32,2499.92,-,0.15%
15-Sep-17,2500.23,2495.67,2500.23,2493.16,-,0.18%
14-Sep-17,2495.62,2494.56,2498.43,2491.35,-,-0.11%
13-Sep-17,2498.37,2493.89,2498.37,2492.14,-,0.08%
12-Sep-17,2496.48,2491.94,2496.77,2490.37,-,0.34%
11-Sep-17,2488.11,2474.52,2488.95,2474.52,-,1.08%
8-Sep-17,2461.43,2462.25,2467.11,2459.40,-,-0.15%
7-Sep-17,2465.10,2468.06,2468.62,2460.29,-,-0.02%
6-Sep-17,2465.54,2463.83,2469.64,2459.20,-,0.31%
5-Sep-17,2457.85,2470.35,2471.97,2446.55,-,-0.76%
1-Sep-17,2476.55,2474.42,2480.38,2473.85,-,0.20%
31-Aug-17,2471.65,2462.65,2475.01,2462.65,-,0.57%
30-Aug-17,2457.59,2446.06,2460.31,2443.77,-,0.46%
29-Aug-17,2446.30,2431.94,2449.19,2428.20,-,0.08%
28-Aug-17,2444.24,2447.35,2449.12,2439.03,-,0.05%
25-Aug-17,2443.05,2444.72,2453.96,2442.22,-,0.17%
24-Aug-17,2438.97,2447.91,2450.39,2436.19,-,-0.21%
23-Aug-17,2444.04,2444.88,2448.91,2441.42,-,-0.35%
22-Aug-17,2452.51,2433.75,2454.77,2433.67,-,0.99%
21-Aug-17,2428.37,2425.50,2430.58,2417.35,-,0.12%
18-Aug-17,2425.55,2427.64,2440.27,2420.69,-,-0.18%
17-Aug-17,2430.01,2462.95,2465.02,2430.01,-,-1.54%
16-Aug-17,2468.11,2468.63,2474.93,2463.86,-,0.14%
15-Aug-17,2464.61,2468.66,2468.90,2461.61,-,-0.05%
14-Aug-17,2465.84,2454.96,2468.22,2454.96,-,1.00%
11-Aug-17,2441.32,2441.04,2448.09,2437.85,-,0.13%
10-Aug-17,2438.21,2465.38,2465.38,2437.75,-,-1.45%
9-Aug-17,2474.02,2465.35,2474.41,2462.08,-,-0.04%
8-Aug-17,2474.92,2478.35,2490.87,2470.32,-,-0.24%
7-Aug-17,2480.91,2477.14,2480.95,2475.88,-,0.16%
4-Aug-17,2476.83,2476.88,2480.00,2472.08,-,0.19%
3-Aug-17,2472.16,2476.03,2476.03,2468.85,-,-0.22%
2-Aug-17,2477.57,2480.38,2480.38,2466.48,-,0.05%
1-Aug-17,2476.35,2477.10,2478.51,2471.14,-,0.24%
31-Jul-17,2470.30,2475.94,2477.96,2468.53,-,-0.07%
28-Jul-17,2472.10,2469.12,2473.53,2464.66,-,-0.13%
27-Jul-17,2475.42,2482.76,2484.04,2459.93,-,-0.10%
26-Jul-17,2477.83,2479.97,2481.69,2474.94,-,0.03%
25-Jul-17,2477.13,2477.88,2481.24,2474.91,-,0.29%
24-Jul-17,2469.91,2472.04,2473.10,2466.32,-,-0.11%
21-Jul-17,2472.54,2467.40,2472.54,2465.06,-,-0.04%
20-Jul-17,2473.45,2475.56,2477.62,2468.43,-,-0.02%
19-Jul-17,2473.83,2463.85,2473.83,2463.85,-,0.54%
18-Jul-17,2460.61,2455.88,2460.92,2450.34,-,0.06%
17-Jul-17,2459.14,2459.50,2462.82,2457.16,-,-0.01%
14-Jul-17,2459.27,2449.16,2463.54,2446.69,-,0.47%
13-Jul-17,2447.83,2444.99,2449.32,2441.69,-,0.19%
12-Jul-17,2443.25,2435.75,2445.76,2435.75,-,0.73%
11-Jul-17,2425.53,2427.35,2429.30,2412.79,-,-0.08%
10-Jul-17,2427.43,2424.51,2432.00,2422.27,-,0.09%
7-Jul-17,2425.18,2413.52,2426.92,2413.52,-,0.64%
6-Jul-17,2409.75,2423.44,2424.28,2407.70,-,-0.94%
5-Jul-17,2432.54,2430.78,2434.90,2422.05,-,0.15%
3-Jul-17,2429.01,2431.39,2439.17,2428.69,-,0.23%
30-Jun-17,2423.41,2429.20,2432.71,2421.65,-,0.15%
29-Jun-17,2419.70,2442.38,2442.73,2405.70,-,-0.86%
28-Jun-17,2440.69,2428.70,2442.97,2428.02,-,0.88%
27-Jun-17,2419.38,2436.34,2440.15,2419.38,-,-0.81%
26-Jun-17,2439.07,2443.32,2450.42,2437.03,-,0.03%
23-Jun-17,2438.30,2434.65,2441.40,2431.11,-,0.16%
22-Jun-17,2434.50,2437.40,2441.62,2433.27,-,-0.05%
21-Jun-17,2435.61,2439.31,2442.23,2430.74,-,-0.06%
20-Jun-17,2437.03,2450.66,2450.66,2436.60,-,-0.67%
19-Jun-17,2453.46,2442.55,2453.82,2441.79,-,0.83%
16-Jun-17,2433.15,2431.24,2433.15,2422.88,-,0.03%
15-Jun-17,2432.46,2424.14,2433.95,2418.53,-,-0.22%
14-Jun-17,2437.92,2443.75,2443.75,2428.34,-,-0.10%
13-Jun-17,2440.35,2434.15,2441.49,2431.28,-,0.45%
12-Jun-17,2429.39,2425.88,2430.38,2419.97,-,-0.10%
9-Jun-17,2431.77,2436.39,2446.20,2415.70,-,-0.08%
8-Jun-17,2433.79,2434.27,2439.27,2427.94,-,0.03%
7-Jun-17,2433.14,2432.03,2435.28,2424.75,-,0.16%
6-Jun-17,2429.33,2431.92,2436.21,2428.12,-,-0.28%
5-Jun-17,2436.10,2437.83,2439.55,2434.32,-,-0.12%
2-Jun-17,2439.07,2431.28,2440.23,2427.71,-,0.37%
1-Jun-17,2430.06,2415.65,2430.06,2413.54,-,0.76%
31-May-17,2411.80,2415.63,2415.99,2403.59,-,-0.05%
30-May-17,2412.91,2411.67,2415.26,2409.43,-,-0.12%
26-May-17,2415.82,2414.50,2416.68,2412.20,-,0.03%
25-May-17,2415.07,2409.54,2418.71,2408.01,-,0.44%
24-May-17,2404.39,2401.41,2405.58,2397.99,-,0.25%
23-May-17,2398.42,2397.04,2400.85,2393.88,-,0.18%
22-May-17,2394.02,2387.21,2395.46,2386.92,-,0.52%
19-May-17,2381.73,2371.37,2389.06,2370.43,-,0.68%
18-May-17,2365.72,2354.69,2375.74,2352.72,-,0.37%
17-May-17,2357.03,2382.95,2384.87,2356.21,-,-1.82%
16-May-17,2400.67,2404.55,2405.77,2396.05,-,-0.07%
15-May-17,2402.32,2393.98,2404.05,2393.94,-,0.48%
12-May-17,2390.90,2392.44,2392.44,2387.19,-,-0.15%
11-May-17,2394.44,2394.84,2395.72,2381.74,-,-0.22%
10-May-17,2399.63,2396.79,2399.74,2392.79,-,0.11%
9-May-17,2396.92,2401.58,2403.87,2392.44,-,-0.10%
8-May-17,2399.38,2399.94,2401.36,2393.92,-,0.00%
5-May-17,2399.29,2392.37,2399.29,2389.38,-,0.41%
4-May-17,2389.52,2389.79,2391.43,2380.35,-,0.06%
3-May-17,2388.13,2386.50,2389.82,2379.75,-,-0.13%
2-May-17,2391.17,2391.05,2392.93,2385.82,-,0.12%
1-May-17,2388.33,2388.50,2394.49,2384.83,-,0.17%
28-Apr-17,2384.20,2393.68,2393.68,2382.36,-,-0.19%
27-Apr-17,2388.77,2389.70,2392.10,2382.68,-,0.06%
26-Apr-17,2387.45,2388.98,2398.16,2386.76,-,-0.05%
25-Apr-17,2388.61,2381.51,2392.48,2381.15,-,0.61%
24-Apr-17,2374.15,2370.33,2376.98,2369.19,-,1.08%
21-Apr-17,2348.69,2354.74,2356.18,2344.51,-,-0.30%
20-Apr-17,2355.84,2342.69,2361.37,2340.91,-,0.76%
19-Apr-17,2338.17,2346.79,2352.63,2335.05,-,-0.17%
18-Apr-17,2342.19,2342.53,2348.35,2334.54,-,-0.29%
17-Apr-17,2349.01,2332.62,2349.14,2332.51,-,0.86%
13-Apr-17,2328.95,2341.98,2348.26,2328.95,-,-0.68%
12-Apr-17,2344.93,2352.15,2352.72,2341.18,-,-0.38%
11-Apr-17,2353.78,2353.92,2355.22,2337.25,-,-0.14%
10-Apr-17,2357.16,2357.16,2366.37,2351.50,-,0.07%
7-Apr-17,2355.54,2356.59,2363.76,2350.74,-,-0.08%
6-Apr-17,2357.49,2353.79,2364.16,2348.90,-,0.19%
5-Apr-17,2352.95,2366.59,2378.36,2350.52,-,-0.31%
4-Apr-17,2360.16,2354.76,2360.53,2350.72,-,0.06%
3-Apr-17,2358.84,2362.34,2365.87,2344.73,-,-0.16%
31-Mar-17,2362.72,2364.82,2370.35,2362.60,-,-0.23%
30-Mar-17,2368.06,2361.31,2370.42,2358.58,-,0.29%
29-Mar-17,2361.13,2356.54,2363.36,2352.94,-,0.11%
28-Mar-17,2358.57,2339.79,2363.78,2337.63,-,0.73%
27-Mar-17,2341.59,2329.11,2344.90,2322.25,-,-0.10%
24-Mar-17,2343.98,2350.42,2356.22,2335.74,-,-0.08%
23-Mar-17,2345.96,2345.97,2358.92,2342.13,-,-0.11%
22-Mar-17,2348.45,2343.00,2351.81,2336.45,-,0.19%
21-Mar-17,2344.02,2379.32,2381.93,2341.90,-,-1.24%
20-Mar-17,2373.47,2378.24,2379.55,2369.66,-,-0.20%
17-Mar-17,2378.25,2383.71,2385.71,2377.64,-,-0.13%
16-Mar-17,2381.38,2387.71,2388.10,2377.18,-,-0.16%
15-Mar-17,2385.26,2370.34,2390.01,2368.94,-,0.84%
14-Mar-17,2365.45,2368.55,2368.55,2358.18,-,-0.34%
13-Mar-17,2373.47,2371.56,2374.42,2368.52,-,0.04%
10-Mar-17,2372.60,2372.52,2376.86,2363.04,-,0.33%
9-Mar-17,2364.87,2363.49,2369.08,2354.54,-,0.08%
8-Mar-17,2362.98,2369.81,2373.09,2361.01,-,-0.23%
7-Mar-17,2368.39,2370.74,2375.12,2365.51,-,-0.29%
6-Mar-17,2375.31,2375.23,2378.80,2367.98,-,-0.33%
3-Mar-17,2383.12,2380.92,2383.89,2375.39,-,0.05%
2-Mar-17,2381.92,2394.75,2394.75,2380.17,-,-0.59%
1-Mar-17,2395.96,2380.13,2400.98,2380.13,-,1.37%
28-Feb-17,2363.64,2366.08,2367.79,2358.96,-,-0.26%
27-Feb-17,2369.75,2365.23,2371.54,2361.87,-,0.10%
24-Feb-17,2367.34,2355.73,2367.34,2352.87,-,0.15%
23-Feb-17,2363.81,2367.50,2368.26,2355.09,-,0.04%
22-Feb-17,2362.82,2361.11,2365.13,2358.34,-,-0.11%
21-Feb-17,2365.38,2354.91,2366.71,2354.91,-,0.60%
17-Feb-17,2351.16,2343.01,2351.16,2339.58,-,0.17%
16-Feb-17,2347.22,2349.64,2351.31,2338.87,-,-0.09%
15-Feb-17,2349.25,2335.58,2351.30,2334.81,-,0.50%
14-Feb-17,2337.58,2326.12,2337.58,2322.17,-,0.40%
13-Feb-17,2328.25,2321.72,2331.58,2321.42,-,0.52%
10-Feb-17,2316.10,2312.27,2319.23,2311.10,-,0.36%
9-Feb-17,2307.87,2296.70,2311.08,2296.61,-,0.58%
8-Feb-17,2294.67,2289.55,2295.91,2285.38,-,0.07%
7-Feb-17,2293.08,2295.87,2299.40,2290.16,-,0.02%
6-Feb-17,2292.56,2294.28,2296.18,2288.57,-,-0.21%
3-Feb-17,2297.42,2288.54,2298.31,2287.88,-,0.73%
2-Feb-17,2280.85,2276.69,2283.97,2271.65,-,0.06%
1-Feb-17,2279.55,2285.59,2289.14,2272.44,-,0.03%
31-Jan-17,2278.87,2274.02,2279.09,2267.21,-,-0.09%
30-Jan-17,2280.90,2286.01,2286.01,2268.04,-,-0.60%
27-Jan-17,2294.69,2299.02,2299.02,2291.62,-,-0.09%
26-Jan-17,2296.68,2298.63,2300.99,2294.08,-,-0.07%
25-Jan-17,2298.37,2288.88,2299.55,2288.88,-,0.80%
24-Jan-17,2280.07,2267.88,2284.63,2266.68,-,0.66%
23-Jan-17,2265.20,2267.78,2271.78,2257.02,-,-0.27%
20-Jan-17,2271.31,2269.96,2276.96,2265.01,-,0.34%
19-Jan-17,2263.69,2271.90,2274.33,2258.41,-,-0.36%
18-Jan-17,2271.89,2269.14,2272.01,2263.35,-,0.18%
17-Jan-17,2267.89,2269.14,2272.08,2262.81,-,-0.30%
13-Jan-17,2274.64,2272.74,2278.68,2271.51,-,0.18%
12-Jan-17,2270.44,2271.14,2271.78,2254.25,-,-0.21%
11-Jan-17,2275.32,2268.60,2275.32,2260.83,-,0.28%
10-Jan-17,2268.90,2269.72,2279.27,2265.27,-,0.00%
9-Jan-17,2268.90,2273.59,2275.49,2268.90,-,-0.35%
6-Jan-17,2276.98,2271.14,2282.10,2264.06,-,0.35%
5-Jan-17,2269.00,2268.18,2271.50,2260.45,-,-0.08%
4-Jan-17,2270.75,2261.60,2272.82,2261.60,-,0.57%
3-Jan-17,2257.83,2251.57,2263.88,2245.13,-,0.85%
30-Dec-16,2238.83,2251.61,2253.58,2233.62,-,-0.46%
29-Dec-16,2249.26,2249.50,2254.51,2244.56,-,-0.03%
28-Dec-16,2249.92,2270.23,2271.31,2249.11,-,-0.84%
27-Dec-16,2268.88,2266.23,2273.82,2266.15,-,0.22%
23-Dec-16,2263.79,2260.25,2263.79,2258.84,-,0.13%
22-Dec-16,2260.96,2262.93,2263.18,2256.08,-,-0.19%
21-Dec-16,2265.18,2270.54,2271.23,2265.15,-,-0.25%
20-Dec-16,2270.76,2266.50,2272.56,2266.14,-,0.36%
19-Dec-16,2262.53,2259.24,2267.47,2258.21,-,0.20%
16-Dec-16,2258.07,2266.81,2268.05,2254.24,-,-0.18%
15-Dec-16,2262.03,2253.77,2272.12,2253.77,-,0.39%
14-Dec-16,2253.28,2268.35,2276.20,2248.44,-,-0.81%
13-Dec-16,2271.72,2263.32,2277.53,2263.32,-,0.65%
12-Dec-16,2256.96,2258.83,2264.03,2252.37,-,-0.11%
9-Dec-16,2259.53,2249.73,2259.80,2249.23,-,0.59%
8-Dec-16,2246.19,2241.13,2251.69,2237.57,-,0.22%
7-Dec-16,2241.35,2210.72,2241.63,2208.93,-,1.32%
6-Dec-16,2212.23,2207.26,2212.78,2202.21,-,0.34%
5-Dec-16,2204.71,2200.65,2209.42,2199.97,-,0.58%
2-Dec-16,2191.95,2191.12,2197.95,2188.37,-,0.04%
1-Dec-16,2191.08,2200.17,2202.60,2187.44,-,-0.35%
30-Nov-16,2198.81,2204.97,2214.10,2198.81,-,-0.27%
29-Nov-16,2204.66,2200.76,2210.46,2198.15,-,0.13%
28-Nov-16,2201.72,2210.21,2211.14,2200.36,-,-0.53%
25-Nov-16,2213.35,2206.27,2213.35,2206.27,-,0.39%
23-Nov-16,2204.72,2198.55,2204.72,2194.51,-,0.08%
22-Nov-16,2202.94,2201.56,2204.80,2194.51,-,0.22%
21-Nov-16,2198.18,2186.43,2198.70,2186.43,-,0.75%
18-Nov-16,2181.90,2186.85,2189.89,2180.38,-,-0.24%
17-Nov-16,2187.12,2178.61,2188.06,2176.65,-,0.47%
16-Nov-16,2176.94,2177.53,2179.22,2172.20,-,-0.16%
15-Nov-16,2180.39,2168.29,2180.84,2166.38,-,0.75%
14-Nov-16,2164.20,2165.64,2171.36,2156.08,-,-0.01%
11-Nov-16,2164.45,2162.71,2165.92,2152.49,-,-0.14%
10-Nov-16,2167.48,2167.49,2182.30,2151.17,-,0.20%
9-Nov-16,2163.26,2131.56,2170.10,2125.35,-,1.11%
8-Nov-16,2139.56,2129.92,2146.87,2123.56,-,0.38%
7-Nov-16,2131.52,2100.59,2132.00,2100.59,-,2.22%
4-Nov-16,2085.18,2083.79,2099.07,2083.79,-,-0.17%
3-Nov-16,2088.66,2098.80,2102.56,2085.23,-,-0.44%
2-Nov-16,2097.94,2109.43,2111.76,2094.00,-,-0.65%
1-Nov-16,2111.72,2128.68,2131.45,2097.85,-,-0.68%
31-Oct-16,2126.15,2129.78,2133.25,2125.53,-,-0.01%
28-Oct-16,2126.41,2132.23,2140.72,2119.36,-,-0.31%
27-Oct-16,2133.04,2144.06,2147.13,2132.52,-,-0.30%
26-Oct-16,2139.43,2136.97,2145.73,2131.59,-,-0.17%
25-Oct-16,2143.16,2149.72,2151.44,2141.93,-,-0.38%
24-Oct-16,2151.33,2148.50,2154.79,2146.91,-,0.47%
21-Oct-16,2141.16,2139.43,2142.63,2130.09,-,-0.01%
20-Oct-16,2141.34,2142.51,2147.18,2133.44,-,-0.14%
19-Oct-16,2144.29,2140.81,2148.44,2138.15,-,0.22%
18-Oct-16,2139.60,2138.31,2144.38,2135.49,-,0.62%
17-Oct-16,2126.50,2132.95,2135.61,2124.43,-,-0.30%
14-Oct-16,2132.98,2139.68,2149.19,2132.98,-,0.02%
13-Oct-16,2132.55,2130.26,2138.19,2114.72,-,-0.31%
12-Oct-16,2139.18,2137.67,2145.36,2132.77,-,0.11%
11-Oct-16,2136.73,2161.35,2161.56,2128.84,-,-1.24%
10-Oct-16,2163.66,2160.39,2169.60,2160.39,-,0.46%
7-Oct-16,2153.74,2164.19,2165.86,2144.85,-,-0.33%
6-Oct-16,2160.77,2158.22,2162.93,2150.28,-,0.05%
5-Oct-16,2159.73,2155.15,2163.95,2155.15,-,0.43%
4-Oct-16,2150.49,2163.37,2165.46,2144.01,-,-0.50%
3-Oct-16,2161.20,2164.33,2164.41,2154.77,-,-0.33%
30-Sep-16,2168.27,2156.51,2175.30,2156.51,-,0.80%
29-Sep-16,2151.13,2168.90,2172.67,2145.20,-,-0.93%
28-Sep-16,2171.37,2161.85,2172.40,2151.79,-,0.53%
27-Sep-16,2159.93,2146.04,2161.13,2141.55,-,0.64%
26-Sep-16,2146.10,2158.54,2158.54,2145.04,-,-0.86%
23-Sep-16,2164.69,2173.29,2173.75,2163.97,-,-0.57%
22-Sep-16,2177.18,2170.94,2179.99,2170.94,-,0.65%
21-Sep-16,2163.12,2144.58,2165.11,2139.57,-,1.09%
20-Sep-16,2139.76,2145.94,2150.80,2139.17,-,0.03%
19-Sep-16,2139.12,2143.99,2153.61,2135.91,-,0.00%
16-Sep-16,2139.16,2146.48,2146.48,2131.20,-,-0.38%
15-Sep-16,2147.26,2125.36,2151.31,2122.36,-,1.01%
14-Sep-16,2125.77,2127.86,2141.33,2119.90,-,-0.06%
13-Sep-16,2127.02,2150.47,2150.47,2120.27,-,-1.48%
12-Sep-16,2159.04,2120.86,2163.30,2119.12,-,1.47%
9-Sep-16,2127.81,2169.08,2169.08,2127.81,-,-2.45%
8-Sep-16,2181.30,2182.76,2184.94,2177.49,-,-0.22%
7-Sep-16,2186.16,2185.17,2187.87,2179.07,-,-0.01%
6-Sep-16,2186.48,2181.61,2186.57,2175.10,-,0.30%
2-Sep-16,2179.98,2177.49,2184.87,2173.59,-,0.42%
1-Sep-16,2170.86,2171.33,2173.56,2157.09,-,0.00%
31-Aug-16,2170.95,2173.56,2173.79,2161.35,-,-0.24%
30-Aug-16,2176.12,2179.45,2182.27,2170.41,-,-0.20%
29-Aug-16,2180.38,2170.19,2183.48,2170.19,-,0.52%
26-Aug-16,2169.04,2175.10,2187.94,2160.39,-,-0.16%
25-Aug-16,2172.47,2173.29,2179.00,2169.74,-,-0.14%
24-Aug-16,2175.44,2185.09,2186.66,2171.25,-,-0.52%
23-Aug-16,2186.90,2187.81,2193.42,2186.80,-,0.20%
22-Aug-16,2182.64,2181.58,2185.15,2175.96,-,-0.06%
19-Aug-16,2183.87,2184.24,2185.00,2175.13,-,-0.14%
18-Aug-16,2187.02,2181.90,2187.03,2180.46,-,0.22%
17-Aug-16,2182.22,2177.84,2183.08,2168.50,-,0.19%
16-Aug-16,2178.15,2186.24,2186.24,2178.14,-,-0.55%
15-Aug-16,2190.15,2186.08,2193.81,2186.08,-,0.28%
12-Aug-16,2184.05,2183.74,2186.28,2179.42,-,-0.08%
11-Aug-16,2185.79,2177.97,2188.45,2177.97,-,0.47%
10-Aug-16,2175.49,2182.81,2183.41,2172.00,-,-0.29%
9-Aug-16,2181.74,2182.24,2187.66,2178.61,-,0.04%
8-Aug-16,2180.89,2183.76,2185.44,2177.85,-,-0.09%
5-Aug-16,2182.87,2168.79,2182.87,2168.79,-,0.86%
4-Aug-16,2164.25,2163.51,2168.19,2159.07,-,0.02%
3-Aug-16,2163.79,2156.81,2163.79,2152.56,-,0.31%
2-Aug-16,2157.03,2169.94,2170.20,2147.58,-,-0.64%
1-Aug-16,2170.84,2173.15,2178.29,2166.21,-,-0.13%
29-Jul-16,2173.60,2168.83,2177.09,2163.49,-,0.16%
28-Jul-16,2170.06,2166.05,2172.85,2159.74,-,0.16%
27-Jul-16,2166.58,2169.81,2174.98,2159.07,-,-0.12%
26-Jul-16,2169.18,2168.97,2173.54,2160.18,-,0.03%
25-Jul-16,2168.48,2173.71,2173.71,2161.95,-,-0.30%
22-Jul-16,2175.03,2166.47,2175.11,2163.24,-,0.46%
21-Jul-16,2165.17,2172.91,2174.56,2159.75,-,-0.36%
20-Jul-16,2173.02,2166.10,2175.63,2164.89,-,0.43%
19-Jul-16,2163.78,2163.79,2164.63,2159.01,-,-0.14%
18-Jul-16,2166.89,2162.04,2168.35,2159.63,-,0.24%
15-Jul-16,2161.74,2165.13,2169.05,2155.79,-,-0.09%
14-Jul-16,2163.75,2157.88,2168.99,2157.88,-,0.53%
13-Jul-16,2152.43,2153.81,2156.45,2146.21,-,0.01%
12-Jul-16,2152.14,2139.50,2155.40,2139.50,-,0.70%
11-Jul-16,2137.16,2131.72,2143.16,2131.72,-,0.34%
8-Jul-16,2129.90,2106.97,2131.71,2106.97,-,1.53%
7-Jul-16,2097.90,2100.42,2109.08,2089.39,-,-0.09%
6-Jul-16,2099.73,2084.43,2100.72,2074.02,-,0.54%
5-Jul-16,2088.55,2095.05,2095.05,2080.86,-,-0.68%
1-Jul-16,2102.95,2099.34,2108.71,2097.90,-,0.19%
30-Jun-16,2098.86,2073.17,2098.94,2070.00,-,1.36%
29-Jun-16,2070.77,2042.69,2073.13,2042.69,-,1.70%
28-Jun-16,2036.09,2006.67,2036.09,2006.67,-,1.78%
27-Jun-16,2000.54,2031.45,2031.45,1991.68,-,-1.81%
24-Jun-16,2037.41,2103.81,2103.81,2032.57,-,-3.59%
23-Jun-16,2113.32,2092.80,2113.32,2092.80,-,1.34%
22-Jun-16,2085.45,2089.75,2099.71,2084.36,-,-0.17%
21-Jun-16,2088.90,2085.19,2093.66,2083.02,-,0.27%
20-Jun-16,2083.25,2075.58,2100.66,2075.58,-,0.58%
17-Jun-16,2071.22,2078.20,2078.20,2062.84,-,-0.33%
16-Jun-16,2077.99,2066.36,2079.62,2050.37,-,0.31%
15-Jun-16,2071.50,2077.60,2085.65,2069.80,-,-0.18%
14-Jun-16,2075.32,2076.65,2081.30,2064.10,-,-0.18%
13-Jun-16,2079.06,2091.75,2098.12,2078.46,-,-0.81%
10-Jun-16,2096.07,2109.57,2109.57,2089.96,-,-0.92%
9-Jun-16,2115.48,2115.65,2117.64,2107.73,-,-0.17%
8-Jun-16,2119.12,2112.71,2120.55,2112.71,-,0.33%
7-Jun-16,2112.13,2110.18,2119.22,2110.18,-,0.13%
6-Jun-16,2109.41,2100.83,2113.36,2100.83,-,0.49%
3-Jun-16,2099.13,2104.07,2104.07,2085.36,-,-0.29%
2-Jun-16,2105.26,2097.71,2105.26,2088.59,-,0.28%
1-Jun-16,2099.33,2093.94,2100.97,2085.10,-,0.11%
31-May-16,2096.96,2100.13,2103.48,2088.66,-,-0.10%
27-May-16,2099.06,2090.06,2099.06,2090.06,-,0.43%
26-May-16,2090.10,2091.44,2094.30,2087.08,-,-0.02%
25-May-16,2090.54,2078.93,2094.73,2078.93,-,0.70%
24-May-16,2076.06,2052.65,2079.67,2052.65,-,1.37%
23-May-16,2048.04,2052.23,2055.58,2047.26,-,-0.21%
20-May-16,2052.32,2041.88,2058.35,2041.88,-,0.60%
19-May-16,2040.04,2044.21,2044.21,2025.91,-,-0.37%
18-May-16,2047.63,2044.38,2060.61,2034.49,-,0.02%
17-May-16,2047.21,2065.04,2065.69,2040.82,-,-0.94%
16-May-16,2066.66,2046.53,2071.88,2046.53,-,0.98%
13-May-16,2046.61,2062.50,2066.79,2043.13,-,-0.85%
12-May-16,2064.11,2067.17,2073.99,2053.13,-,-0.02%
11-May-16,2064.46,2083.29,2083.29,2064.46,-,-0.96%
10-May-16,2084.39,2062.63,2084.87,2062.63,-,1.25%
9-May-16,2058.69,2057.55,2064.15,2054.31,-,0.08%
6-May-16,2057.14,2047.77,2057.72,2039.45,-,0.32%
5-May-16,2050.63,2052.95,2060.23,2045.77,-,-0.02%
4-May-16,2051.12,2060.30,2060.30,2045.55,-,-0.59%
3-May-16,2063.37,2077.18,2077.18,2054.89,-,-0.87%
2-May-16,2081.43,2067.17,2083.42,2066.11,-,0.78%
29-Apr-16,2065.30,2071.82,2073.85,2052.28,-,-0.51%
28-Apr-16,2075.81,2090.93,2099.30,2071.62,-,-0.92%
27-Apr-16,2095.15,2092.33,2099.89,2082.31,-,0.16%
26-Apr-16,2091.70,2089.84,2096.87,2085.80,-,0.19%
25-Apr-16,2087.79,2089.37,2089.37,2077.52,-,-0.18%
22-Apr-16,2091.58,2091.49,2094.32,2081.20,-,0.00%
21-Apr-16,2091.48,2102.09,2103.78,2088.52,-,-0.52%
20-Apr-16,2102.40,2101.52,2111.05,2096.32,-,0.08%
19-Apr-16,2100.80,2096.05,2104.05,2091.68,-,0.31%
18-Apr-16,2094.34,2078.83,2094.66,2073.65,-,0.65%
15-Apr-16,2080.73,2083.10,2083.22,2076.31,-,-0.10%
14-Apr-16,2082.78,2082.89,2087.84,2078.13,-,0.02%
13-Apr-16,2082.42,2065.92,2083.18,2065.92,-,1.00%
12-Apr-16,2061.72,2043.72,2065.05,2039.74,-,0.97%
11-Apr-16,2041.99,2050.23,2062.93,2041.88,-,-0.27%
8-Apr-16,2047.60,2045.54,2060.63,2041.69,-,0.28%
7-Apr-16,2041.91,2063.01,2063.01,2033.80,-,-1.20%
6-Apr-16,2066.66,2045.56,2067.33,2043.09,-,1.05%
5-Apr-16,2045.17,2062.50,2062.50,2042.56,-,-1.01%
4-Apr-16,2066.13,2073.19,2074.02,2062.57,-,-0.32%
1-Apr-16,2072.78,2056.62,2075.07,2043.98,-,0.63%
31-Mar-16,2059.74,2063.77,2067.92,2057.46,-,-0.20%
30-Mar-16,2063.95,2058.27,2072.21,2058.27,-,0.44%
29-Mar-16,2055.01,2035.75,2055.91,2028.31,-,0.88%
28-Mar-16,2037.05,2037.89,2042.67,2031.96,-,0.05%
24-Mar-16,2035.94,2032.48,2036.04,2022.49,-,-0.04%
23-Mar-16,2036.71,2048.55,2048.55,2034.86,-,-0.64%
22-Mar-16,2049.80,2048.64,2056.60,2040.57,-,-0.09%
21-Mar-16,2051.60,2047.88,2053.91,2043.14,-,0.10%
18-Mar-16,2049.58,2041.16,2052.36,2041.16,-,0.44%
17-Mar-16,2040.59,2026.90,2046.24,2022.16,-,0.66%
16-Mar-16,2027.22,2014.24,2032.02,2010.04,-,0.56%
15-Mar-16,2015.93,2015.27,2015.94,2005.23,-,-0.18%
14-Mar-16,2019.64,2019.27,2024.57,2012.05,-,-0.13%
11-Mar-16,2022.19,1994.71,2022.37,1994.71,-,1.64%
10-Mar-16,1989.57,1990.97,2005.08,1969.25,-,0.02%
9-Mar-16,1989.26,1981.44,1992.69,1979.84,-,0.51%
8-Mar-16,1979.26,1996.88,1996.88,1977.43,-,-1.12%
7-Mar-16,2001.76,1996.11,2006.12,1989.38,-,0.09%
4-Mar-16,1999.99,1994.01,2009.13,1986.77,-,0.33%
3-Mar-16,1993.40,1985.60,1993.69,1977.37,-,0.35%
2-Mar-16,1986.45,1976.60,1986.51,1968.80,-,0.41%
1-Mar-16,1978.35,1937.09,1978.35,1937.09,-,2.39%
29-Feb-16,1932.23,1947.13,1958.27,1931.81,-,-0.81%
26-Feb-16,1948.05,1954.95,1962.96,1945.78,-,-0.19%
25-Feb-16,1951.70,1931.87,1951.83,1925.41,-,1.13%
24-Feb-16,1929.80,1917.56,1932.08,1891.00,-,0.44%
23-Feb-16,1921.27,1942.38,1942.38,1919.44,-,-1.25%
22-Feb-16,1945.50,1924.44,1946.70,1924.44,-,1.45%
19-Feb-16,1917.78,1916.74,1918.78,1902.17,-,0.00%
18-Feb-16,1917.83,1927.57,1930.00,1915.09,-,-0.47%
17-Feb-16,1926.82,1898.80,1930.68,1898.80,-,1.65%
16-Feb-16,1895.58,1871.44,1895.77,1871.44,-,1.65%
12-Feb-16,1864.78,1833.40,1864.78,1833.40,-,1.95%
11-Feb-16,1829.08,1847.00,1847.00,1810.10,-,-1.23%
10-Feb-16,1851.86,1857.10,1881.60,1850.32,-,-0.02%
9-Feb-16,1852.21,1848.46,1868.25,1834.94,-,-0.07%
8-Feb-16,1853.44,1873.25,1873.25,1828.46,-,-1.42%
5-Feb-16,1880.05,1913.07,1913.07,1872.65,-,-1.85%
4-Feb-16,1915.45,1911.67,1927.35,1900.52,-,0.15%
3-Feb-16,1912.53,1907.07,1918.01,1872.23,-,0.50%
2-Feb-16,1903.03,1935.26,1935.26,1897.29,-,-1.87%
1-Feb-16,1939.38,1936.94,1947.20,1920.30,-,-0.04%
29-Jan-16,1940.24,1894.00,1940.24,1894.00,-,2.48%
28-Jan-16,1893.36,1885.22,1902.96,1873.65,-,0.55%
27-Jan-16,1882.95,1902.52,1916.99,1872.70,-,-1.09%
26-Jan-16,1903.63,1878.79,1906.73,1878.79,-,1.41%
25-Jan-16,1877.08,1906.28,1906.28,1875.97,-,-1.56%
22-Jan-16,1906.90,1877.40,1908.85,1877.40,-,2.03%
21-Jan-16,1868.99,1861.46,1889.85,1848.98,-,0.52%
20-Jan-16,1859.33,1876.18,1876.18,1812.29,-,-1.17%
19-Jan-16,1881.33,1888.66,1901.44,1864.60,-,0.05%
15-Jan-16,1880.33,1916.68,1916.68,1857.83,-,-2.16%
14-Jan-16,1921.84,1891.68,1934.47,1878.93,-,1.67%
13-Jan-16,1890.28,1940.34,1950.33,1886.41,-,-2.50%
12-Jan-16,1938.68,1927.83,1947.38,1914.35,-,0.78%
11-Jan-16,1923.67,1926.12,1935.65,1901.10,-,0.09%
8-Jan-16,1922.03,1945.97,1960.40,1918.46,-,-1.08%
7-Jan-16,1943.09,1985.32,1985.32,1938.83,-,-2.37%
6-Jan-16,1990.26,2011.71,2011.71,1979.05,-,-1.31%
5-Jan-16,2016.71,2013.78,2021.94,2004.17,-,0.20%
4-Jan-16,2012.66,2038.20,2038.20,1989.68,-,-1.53%
31-Dec-15,2043.94,2060.59,2062.54,2043.62,-,-0.94%
30-Dec-15,2063.36,2077.34,2077.34,2061.97,-,-0.72%
29-Dec-15,2078.36,2060.54,2081.56,2060.54,-,1.06%
28-Dec-15,2056.50,2057.77,2057.77,2044.20,-,-0.22%
24-Dec-15,2060.99,2063.52,2067.36,2058.73,-,-0.16%
23-Dec-15,2064.29,2042.20,2064.73,2042.20,-,1.24%
22-Dec-15,2038.97,2023.15,2042.74,2020.49,-,0.88%
21-Dec-15,2021.15,2010.27,2022.90,2005.93,-,0.78%
18-Dec-15,2005.55,2040.81,2040.81,2005.33,-,-1.78%
17-Dec-15,2041.89,2073.76,2076.37,2041.66,-,-1.50%
16-Dec-15,2073.07,2046.50,2076.72,2042.43,-,1.45%
15-Dec-15,2043.41,2025.55,2053.87,2025.55,-,1.06%
14-Dec-15,2021.94,2013.37,2022.92,1993.26,-,0.48%
11-Dec-15,2012.37,2047.27,2047.27,2008.80,-,-1.94%
10-Dec-15,2052.23,2047.93,2067.65,2045.67,-,0.23%
9-Dec-15,2047.62,2061.17,2080.33,2036.53,-,-0.77%
8-Dec-15,2063.59,2073.39,2073.85,2052.32,-,-0.65%
7-Dec-15,2077.07,2090.42,2090.42,2066.78,-,-0.70%
4-Dec-15,2091.69,2051.24,2093.84,2051.24,-,2.05%
3-Dec-15,2049.62,2080.71,2085.00,2042.35,-,-1.44%
2-Dec-15,2079.51,2101.71,2104.27,2077.11,-,-1.10%
1-Dec-15,2102.63,2082.93,2103.37,2082.93,-,1.07%
30-Nov-15,2080.41,2090.95,2093.81,2080.41,-,-0.46%
27-Nov-15,2090.11,2088.82,2093.29,2084.13,-,0.06%
25-Nov-15,2088.87,2089.30,2093.00,2086.30,-,-0.01%
24-Nov-15,2089.14,2084.42,2094.12,2070.29,-,0.12%
23-Nov-15,2086.59,2089.41,2095.61,2081.39,-,-0.12%
20-Nov-15,2089.17,2082.82,2097.06,2082.82,-,0.38%
19-Nov-15,2081.24,2083.70,2086.74,2078.76,-,-0.11%
18-Nov-15,2083.58,2051.99,2085.31,2051.99,-,1.62%
17-Nov-15,2050.44,2053.67,2066.69,2045.90,-,-0.13%
16-Nov-15,2053.19,2022.08,2053.22,2019.39,-,1.49%
13-Nov-15,2023.04,2044.64,2044.64,2022.02,-,-1.12%
12-Nov-15,2045.97,2072.29,2072.29,2045.66,-,-1.40%
11-Nov-15,2075.00,2083.41,2086.94,2074.85,-,-0.32%
10-Nov-15,2081.72,2077.19,2083.67,2069.91,-,0.15%
9-Nov-15,2078.58,2096.56,2096.56,2068.24,-,-0.98%
6-Nov-15,2099.20,2098.60,2101.91,2083.74,-,-0.03%
5-Nov-15,2099.93,2101.68,2108.78,2090.41,-,-0.11%
4-Nov-15,2102.31,2110.60,2114.59,2096.98,-,-0.35%
3-Nov-15,2109.79,2102.63,2116.48,2097.51,-,0.27%
2-Nov-15,2104.05,2080.76,2106.20,2080.76,-,1.19%
30-Oct-15,2079.36,2090.00,2094.32,2079.34,-,-0.48%
29-Oct-15,2089.41,2088.35,2092.52,2082.63,-,-0.04%
28-Oct-15,2090.35,2066.48,2090.35,2063.11,-,1.18%
27-Oct-15,2065.89,2068.75,2070.37,2058.84,-,-0.26%
26-Oct-15,2071.18,2075.08,2075.14,2066.53,-,-0.19%
23-Oct-15,2075.15,2058.19,2079.74,2058.19,-,1.10%
22-Oct-15,2052.51,2021.88,2055.20,2021.88,-,1.66%
21-Oct-15,2018.94,2033.47,2037.97,2017.22,-,-0.58%
20-Oct-15,2030.77,2033.13,2039.12,2026.61,-,-0.14%
19-Oct-15,2033.66,2031.73,2034.45,2022.31,-,0.03%
16-Oct-15,2033.11,2024.37,2033.54,2020.46,-,0.46%
15-Oct-15,2023.86,1996.47,2024.15,1996.47,-,1.49%
14-Oct-15,1994.24,2003.66,2009.56,1990.73,-,-0.47%
13-Oct-15,2003.69,2015.00,2022.34,2001.78,-,-0.68%
12-Oct-15,2017.46,2015.65,2018.66,2010.55,-,0.13%
9-Oct-15,2014.89,2013.73,2020.13,2007.61,-,0.07%
8-Oct-15,2013.43,1994.01,2016.50,1987.53,-,0.88%
7-Oct-15,1995.83,1982.34,1999.31,1976.44,-,0.80%
6-Oct-15,1979.92,1986.63,1991.62,1971.99,-,-0.36%
5-Oct-15,1987.05,1954.33,1989.17,1954.33,-,1.83%
2-Oct-15,1951.36,1921.77,1951.36,1893.70,-,1.43%
1-Oct-15,1923.82,1919.65,1927.21,1900.70,-,0.20%
30-Sep-15,1920.03,1887.14,1920.53,1887.14,-,1.91%
29-Sep-15,1884.09,1881.90,1899.48,1871.91,-,0.12%
28-Sep-15,1881.77,1929.18,1929.18,1879.21,-,-2.57%
25-Sep-15,1931.34,1935.93,1952.89,1921.50,-,-0.05%
24-Sep-15,1932.24,1934.81,1937.17,1908.92,-,-0.34%
23-Sep-15,1938.76,1943.24,1949.52,1932.57,-,-0.20%
22-Sep-15,1942.74,1961.39,1961.39,1929.22,-,-1.23%
21-Sep-15,1966.97,1960.84,1979.64,1955.80,-,0.46%
18-Sep-15,1958.03,1989.66,1989.66,1953.45,-,-1.62%
17-Sep-15,1990.20,1995.33,2020.86,1986.73,-,-0.26%
16-Sep-15,1995.31,1978.02,1997.26,1977.93,-,0.87%
15-Sep-15,1978.09,1955.10,1983.19,1954.30,-,1.28%
14-Sep-15,1953.03,1963.06,1963.06,1948.27,-,-0.41%
11-Sep-15,1961.05,1951.45,1961.05,1939.19,-,0.45%
10-Sep-15,1952.29,1941.59,1965.29,1937.19,-,0.53%
9-Sep-15,1942.04,1971.45,1988.63,1937.88,-,-1.39%
8-Sep-15,1969.41,1927.30,1970.42,1927.30,-,2.51%
4-Sep-15,1921.22,1947.76,1947.76,1911.21,-,-1.53%
3-Sep-15,1951.13,1950.79,1975.01,1944.72,-,0.12%
2-Sep-15,1948.86,1916.52,1948.91,1916.52,-,1.83%
1-Sep-15,1913.85,1970.09,1970.09,1903.07,-,-2.96%
31-Aug-15,1972.18,1986.73,1986.73,1965.98,-,-0.84%
28-Aug-15,1988.87,1986.06,1993.48,1975.19,-,0.06%
27-Aug-15,1987.66,1942.77,1989.60,1942.77,-,2.43%
26-Aug-15,1940.51,1872.75,1943.09,1872.75,-,3.90%
25-Aug-15,1867.61,1898.08,1948.04,1867.08,-,-1.35%
24-Aug-15,1893.21,1965.15,1965.15,1867.01,-,-3.94%
21-Aug-15,1970.89,2034.08,2034.08,1970.89,-,-3.19%
20-Aug-15,2035.73,2076.61,2076.61,2035.73,-,-2.11%
19-Aug-15,2079.61,2095.69,2096.17,2070.53,-,-0.83%
18-Aug-15,2096.92,2101.99,2103.47,2094.14,-,-0.26%
17-Aug-15,2102.44,2089.70,2102.87,2079.30,-,0.52%
14-Aug-15,2091.54,2083.15,2092.45,2080.61,-,0.39%
13-Aug-15,2083.39,2086.19,2092.93,2078.26,-,-0.13%
12-Aug-15,2086.05,2081.10,2089.06,2052.09,-,0.10%
11-Aug-15,2084.07,2102.66,2102.66,2076.49,-,-0.96%
10-Aug-15,2104.18,2080.98,2105.35,2080.98,-,1.28%
7-Aug-15,2077.57,2082.61,2082.61,2067.91,-,-0.29%
6-Aug-15,2083.56,2100.75,2103.32,2075.53,-,-0.78%
5-Aug-15,2099.84,2095.27,2112.66,2095.27,-,0.31%
4-Aug-15,2093.32,2097.68,2102.51,2088.60,-,-0.22%
3-Aug-15,2098.04,2104.49,2105.70,2087.31,-,-0.28%
31-Jul-15,2103.84,2111.60,2114.24,2102.07,-,-0.23%
30-Jul-15,2108.63,2106.78,2110.48,2094.97,-,0.00%
29-Jul-15,2108.57,2094.70,2110.60,2094.08,-,0.73%
28-Jul-15,2093.25,2070.75,2095.60,2069.09,-,1.24%
27-Jul-15,2067.64,2078.19,2078.19,2063.52,-,-0.58%
24-Jul-15,2079.65,2102.24,2106.01,2077.09,-,-1.07%
23-Jul-15,2102.15,2114.16,2116.87,2098.63,-,-0.57%
22-Jul-15,2114.15,2118.21,2118.51,2110.00,-,-0.24%
21-Jul-15,2119.21,2127.55,2128.49,2115.40,-,-0.43%
20-Jul-15,2128.28,2126.85,2132.82,2123.65,-,0.08%
17-Jul-15,2126.64,2126.80,2128.91,2119.88,-,0.11%
16-Jul-15,2124.29,2110.55,2124.42,2110.55,-,0.80%
15-Jul-15,2107.40,2109.01,2114.14,2102.49,-,-0.07%
14-Jul-15,2108.95,2099.72,2111.98,2098.18,-,0.45%
13-Jul-15,2099.60,2080.03,2100.67,2080.03,-,1.11%
10-Jul-15,2076.62,2052.74,2081.31,2052.74,-,1.23%
9-Jul-15,2051.31,2049.73,2074.28,2049.73,-,0.23%
8-Jul-15,2046.68,2077.66,2077.66,2044.66,-,-1.67%
7-Jul-15,2081.34,2069.52,2083.74,2044.02,-,0.61%
6-Jul-15,2068.76,2073.95,2078.61,2058.40,-,-0.39%
2-Jul-15,2076.78,2078.03,2085.06,2071.02,-,-0.03%
1-Jul-15,2077.42,2067.00,2082.78,2067.00,-,0.69%
30-Jun-15,2063.11,2061.19,2074.28,2056.32,-,0.27%
29-Jun-15,2057.64,2098.63,2098.63,2056.64,-,-2.09%
26-Jun-15,2101.49,2102.62,2108.92,2095.38,-,-0.04%
25-Jun-15,2102.31,2109.96,2116.04,2101.78,-,-0.30%
24-Jun-15,2108.58,2123.65,2125.10,2108.58,-,-0.74%
23-Jun-15,2124.20,2123.16,2128.03,2119.89,-,0.06%
22-Jun-15,2122.85,2112.50,2129.87,2112.50,-,0.61%
19-Jun-15,2109.99,2121.06,2121.64,2109.45,-,-0.53%
18-Jun-15,2121.24,2101.58,2126.65,2101.58,-,0.99%
17-Jun-15,2100.44,2097.40,2106.79,2088.86,-,0.20%
16-Jun-15,2096.29,2084.26,2097.40,2082.10,-,0.57%
15-Jun-15,2084.43,2091.34,2091.34,2072.49,-,-0.46%
12-Jun-15,2094.11,2107.43,2107.43,2091.33,-,-0.70%
11-Jun-15,2108.86,2106.24,2115.02,2106.24,-,0.17%
10-Jun-15,2105.20,2081.12,2108.50,2081.12,-,1.20%
9-Jun-15,2080.15,2079.07,2085.62,2072.14,-,0.04%
8-Jun-15,2079.28,2092.34,2093.01,2079.11,-,-0.65%
5-Jun-15,2092.83,2095.09,2100.99,2085.67,-,-0.14%
4-Jun-15,2095.84,2112.35,2112.89,2093.23,-,-0.86%
3-Jun-15,2114.07,2110.64,2121.92,2109.61,-,0.21%
2-Jun-15,2109.60,2110.41,2117.59,2099.14,-,-0.10%
1-Jun-15,2111.73,2108.64,2119.15,2102.54,-,0.21%
29-May-15,2107.39,2120.66,2120.66,2104.89,-,-0.63%
28-May-15,2120.79,2122.27,2122.27,2112.86,-,-0.13%
27-May-15,2123.48,2105.13,2126.22,2105.13,-,0.92%
26-May-15,2104.20,2125.34,2125.34,2099.18,-,-1.03%
22-May-15,2126.06,2130.36,2132.15,2126.06,-,-0.22%
21-May-15,2130.82,2125.55,2134.28,2122.95,-,0.23%
20-May-15,2125.85,2127.79,2134.72,2122.59,-,-0.09%
19-May-15,2127.83,2129.45,2133.02,2124.50,-,-0.06%
18-May-15,2129.20,2121.30,2131.78,2120.01,-,0.30%
15-May-15,2122.73,2122.07,2123.89,2116.79,-,0.08%
14-May-15,2121.10,2100.43,2121.45,2100.43,-,1.08%
13-May-15,2098.48,2099.62,2110.19,2096.04,-,-0.03%
12-May-15,2099.12,2102.87,2105.06,2085.57,-,-0.29%
11-May-15,2105.33,2115.56,2117.69,2104.58,-,-0.51%
8-May-15,2116.10,2092.13,2117.66,2092.13,-,1.35%
7-May-15,2088.00,2079.96,2092.90,2074.99,-,0.38%
6-May-15,2080.15,2091.26,2098.42,2067.93,-,-0.45%
5-May-15,2089.46,2112.63,2115.24,2088.46,-,-1.18%
4-May-15,2114.49,2110.23,2120.95,2110.23,-,0.29%
1-May-15,2108.29,2087.38,2108.41,2087.38,-,1.09%
30-Apr-15,2085.51,2105.52,2105.52,2077.59,-,-1.01%
29-Apr-15,2106.85,2112.49,2113.65,2097.41,-,-0.37%
28-Apr-15,2114.76,2108.35,2116.09,2094.89,-,0.28%
27-Apr-15,2108.92,2119.29,2125.92,2107.04,-,-0.41%
24-Apr-15,2117.69,2112.80,2120.92,2112.80,-,0.23%
23-Apr-15,2112.93,2107.21,2120.49,2103.19,-,0.24%
22-Apr-15,2107.96,2098.27,2109.98,2091.05,-,0.51%
21-Apr-15,2097.29,2102.82,2109.64,2094.38,-,-0.15%
20-Apr-15,2100.40,2084.11,2103.94,2084.11,-,0.92%
17-Apr-15,2081.18,2102.58,2102.58,2072.37,-,-1.13%
16-Apr-15,2104.99,2105.96,2111.30,2100.02,-,-0.08%
15-Apr-15,2106.63,2097.82,2111.91,2097.82,-,0.51%
14-Apr-15,2095.84,2092.28,2098.62,2083.24,-,0.16%
13-Apr-15,2092.43,2102.03,2107.65,2092.33,-,-0.46%
10-Apr-15,2102.06,2091.51,2102.61,2091.51,-,0.52%
9-Apr-15,2091.18,2081.29,2093.31,2074.29,-,0.45%
8-Apr-15,2081.90,2076.94,2086.69,2073.30,-,0.27%
7-Apr-15,2076.33,2080.79,2089.81,2076.10,-,-0.21%
6-Apr-15,2080.62,2064.87,2086.99,2056.52,-,0.66%
2-Apr-15,2066.96,2060.03,2072.17,2057.32,-,0.35%
1-Apr-15,2059.69,2067.63,2067.63,2048.38,-,-0.40%
31-Mar-15,2067.89,2084.05,2084.05,2067.04,-,-0.88%
30-Mar-15,2086.24,2064.11,2088.97,2064.11,-,1.22%
27-Mar-15,2061.02,2055.78,2062.83,2052.96,-,0.24%
26-Mar-15,2056.15,2059.94,2067.15,2045.50,-,-0.24%
25-Mar-15,2061.05,2093.10,2097.43,2061.05,-,-1.46%
24-Mar-15,2091.50,2103.94,2107.63,2091.50,-,-0.61%
23-Mar-15,2104.42,2107.99,2114.86,2104.42,-,-0.17%
20-Mar-15,2108.10,2090.32,2113.92,2090.32,-,0.90%
19-Mar-15,2089.27,2098.69,2098.69,2085.56,-,-0.49%
18-Mar-15,2099.50,2072.84,2106.85,2061.23,-,1.22%
17-Mar-15,2074.28,2080.59,2080.59,2065.08,-,-0.33%
16-Mar-15,2081.19,2055.35,2081.41,2055.35,-,1.35%
13-Mar-15,2053.40,2064.56,2064.56,2041.17,-,-0.61%
12-Mar-15,2065.95,2041.10,2066.41,2041.10,-,1.26%
11-Mar-15,2040.24,2044.69,2050.08,2039.69,-,-0.19%
10-Mar-15,2044.16,2076.14,2076.14,2044.16,-,-1.70%
9-Mar-15,2079.43,2072.25,2083.49,2072.21,-,0.39%
6-Mar-15,2071.26,2100.91,2100.91,2067.27,-,-1.42%
5-Mar-15,2101.04,2098.54,2104.25,2095.22,-,0.12%
4-Mar-15,2098.53,2107.72,2107.72,2087.62,-,-0.44%
3-Mar-15,2107.78,2115.76,2115.76,2098.26,-,-0.45%
2-Mar-15,2117.39,2105.23,2117.52,2104.50,-,0.61%
27-Feb-15,2104.50,2110.88,2112.74,2103.75,-,-0.30%
26-Feb-15,2110.74,2113.91,2113.91,2103.76,-,-0.15%
25-Feb-15,2113.86,2115.30,2119.59,2109.89,-,-0.08%
24-Feb-15,2115.48,2109.10,2117.94,2105.87,-,0.28%
23-Feb-15,2109.66,2109.83,2110.05,2103.00,-,-0.03%
20-Feb-15,2110.30,2097.65,2110.61,2085.44,-,0.61%
19-Feb-15,2097.45,2099.25,2102.13,2090.79,-,-0.11%
18-Feb-15,2099.68,2099.16,2100.23,2092.15,-,-0.03%
17-Feb-15,2100.34,2096.47,2101.30,2089.80,-,0.16%
13-Feb-15,2096.99,2088.78,2097.03,2086.70,-,0.41%
12-Feb-15,2088.48,2069.98,2088.53,2069.98,-,0.96%
11-Feb-15,2068.53,2068.55,2073.48,2057.99,-,0.00%
10-Feb-15,2068.59,2049.38,2070.86,2048.62,-,1.07%
9-Feb-15,2046.74,2053.47,2056.16,2041.88,-,-0.42%
6-Feb-15,2055.47,2062.28,2072.40,2049.97,-,-0.34%
5-Feb-15,2062.52,2043.45,2063.55,2043.45,-,1.03%
4-Feb-15,2041.51,2048.86,2054.74,2036.72,-,-0.42%
3-Feb-15,2050.03,2022.71,2050.30,2022.71,-,1.44%
2-Feb-15,2020.85,1996.67,2021.66,1980.90,-,1.30%
30-Jan-15,1994.99,2019.35,2023.32,1993.38,-,-1.30%
29-Jan-15,2021.25,2002.45,2024.64,1989.18,-,0.95%
28-Jan-15,2002.16,2032.34,2042.49,2001.49,-,-1.35%
27-Jan-15,2029.55,2047.86,2047.86,2019.91,-,-1.34%
26-Jan-15,2057.09,2050.42,2057.62,2040.97,-,0.26%
23-Jan-15,2051.82,2062.98,2062.98,2050.54,-,-0.55%
22-Jan-15,2063.15,2034.30,2064.62,2026.38,-,1.53%
21-Jan-15,2032.12,2020.19,2038.29,2012.04,-,0.47%
20-Jan-15,2022.55,2020.76,2028.94,2004.49,-,0.15%
16-Jan-15,2019.42,1992.25,2020.46,1988.12,-,1.34%
15-Jan-15,1992.67,2013.75,2021.35,1991.47,-,-0.92%
14-Jan-15,2011.27,2018.40,2018.40,1988.44,-,-0.58%
13-Jan-15,2023.03,2031.58,2056.93,2008.25,-,-0.26%
12-Jan-15,2028.26,2046.13,2049.30,2022.58,-,-0.81%
9-Jan-15,2044.81,2063.45,2064.43,2038.33,-,-0.84%
8-Jan-15,2062.14,2030.61,2064.08,2030.61,-,1.79%
7-Jan-15,2025.90,2005.55,2029.61,2005.55,-,1.16%
6-Jan-15,2002.61,2022.15,2030.25,1992.44,-,-0.89%
5-Jan-15,2020.58,2054.44,2054.44,2017.34,-,-1.83%
2-Jan-15,2058.20,2058.90,2072.36,2046.04,-,-0.03%
31-Dec-14,2058.90,2082.11,2085.58,2057.94,-,-1.03%
30-Dec-14,2080.35,2088.49,2088.49,2079.53,-,-0.49%
29-Dec-14,2090.57,2087.63,2093.55,2085.75,-,0.09%
26-Dec-14,2088.77,2084.30,2092.70,2084.30,-,0.33%
24-Dec-14,2081.88,2083.25,2087.56,2081.86,-,-0.01%
23-Dec-14,2082.17,2081.48,2086.73,2079.77,-,0.17%
22-Dec-14,2078.54,2069.28,2078.76,2069.28,-,0.38%
19-Dec-14,2070.65,2061.04,2077.85,2061.03,-,0.46%
18-Dec-14,2061.23,2018.98,2061.23,2018.98,-,2.40%
17-Dec-14,2012.89,1973.77,2016.75,1973.77,-,2.04%
16-Dec-14,1972.74,1986.71,2016.89,1972.56,-,-0.85%
15-Dec-14,1989.63,2005.03,2018.69,1982.26,-,-0.63%
12-Dec-14,2002.33,2030.36,2032.25,2002.33,-,-1.62%
11-Dec-14,2035.33,2027.92,2055.53,2027.92,-,0.45%
10-Dec-14,2026.14,2058.86,2058.86,2024.26,-,-1.64%
9-Dec-14,2059.82,2056.55,2060.60,2034.17,-,-0.02%
8-Dec-14,2060.31,2074.84,2075.78,2054.27,-,-0.73%
5-Dec-14,2075.37,2072.78,2079.47,2070.81,-,0.17%
4-Dec-14,2071.92,2073.64,2077.34,2062.34,-,-0.12%
3-Dec-14,2074.33,2067.45,2076.28,2066.65,-,0.38%
2-Dec-14,2066.55,2053.77,2068.77,2053.77,-,0.64%
1-Dec-14,2053.44,2065.78,2065.78,2049.57,-,-0.68%
28-Nov-14,2067.56,2074.78,2075.76,2065.06,-,-0.25%
26-Nov-14,2072.83,2067.36,2073.29,2066.62,-,0.28%
25-Nov-14,2067.03,2070.15,2074.21,2064.75,-,-0.12%
24-Nov-14,2069.41,2065.07,2070.17,2065.07,-,0.29%
21-Nov-14,2063.50,2057.46,2071.46,2056.75,-,0.52%
20-Nov-14,2052.75,2045.87,2053.84,2040.49,-,0.20%
19-Nov-14,2048.72,2051.16,2052.14,2040.37,-,-0.15%
18-Nov-14,2051.80,2041.48,2056.08,2041.48,-,0.51%
17-Nov-14,2041.32,2038.29,2043.07,2034.46,-,0.07%
14-Nov-14,2039.82,2039.74,2042.22,2035.20,-,0.02%
13-Nov-14,2039.33,2039.21,2046.18,2030.44,-,0.05%
12-Nov-14,2038.25,2037.75,2040.33,2031.95,-,-0.07%
11-Nov-14,2039.68,2038.20,2041.28,2035.28,-,0.07%
10-Nov-14,2038.26,2032.01,2038.70,2030.17,-,0.31%
7-Nov-14,2031.92,2032.36,2034.26,2025.07,-,0.03%
6-Nov-14,2031.21,2023.33,2031.61,2015.86,-,0.38%
5-Nov-14,2023.57,2015.29,2023.77,2014.42,-,0.57%
4-Nov-14,2012.10,2015.81,2015.98,2001.01,-,-0.28%
3-Nov-14,2017.81,2018.21,2024.46,2013.68,-,-0.01%
31-Oct-14,2018.05,2001.20,2018.19,2001.20,-,1.17%
30-Oct-14,1994.65,1979.49,1999.40,1974.75,-,0.62%
29-Oct-14,1982.30,1983.29,1991.40,1969.04,-,-0.14%
28-Oct-14,1985.05,1964.14,1985.05,1964.14,-,1.19%
27-Oct-14,1961.63,1962.97,1964.64,1951.37,-,-0.15%
24-Oct-14,1964.58,1951.59,1965.27,1946.27,-,0.71%
23-Oct-14,1950.82,1931.02,1961.95,1931.02,-,1.23%
22-Oct-14,1927.11,1941.29,1949.31,1926.83,-,-0.73%
21-Oct-14,1941.28,1909.38,1942.45,1909.38,-,1.96%
20-Oct-14,1904.01,1885.62,1905.03,1882.30,-,0.91%
17-Oct-14,1886.76,1864.91,1898.16,1864.91,-,1.29%
16-Oct-14,1862.76,1855.95,1876.01,1835.02,-,0.01%
15-Oct-14,1862.49,1874.18,1874.18,1820.66,-,-0.81%
14-Oct-14,1877.70,1877.11,1898.71,1871.79,-,0.16%
13-Oct-14,1874.74,1905.65,1912.09,1874.14,-,-1.65%
10-Oct-14,1906.13,1925.63,1936.98,1906.05,-,-1.15%
9-Oct-14,1928.21,1967.68,1967.68,1927.56,-,-2.07%
8-Oct-14,1968.89,1935.55,1970.36,1925.25,-,1.75%
7-Oct-14,1935.10,1962.36,1962.36,1934.87,-,-1.51%
6-Oct-14,1964.82,1970.01,1977.84,1958.43,-,-0.16%
3-Oct-14,1967.90,1948.12,1971.19,1948.12,-,1.12%
2-Oct-14,1946.17,1945.83,1952.32,1926.03,-,0.00%
1-Oct-14,1946.16,1971.44,1971.44,1941.72,-,-1.32%
30-Sep-14,1972.29,1978.21,1985.17,1968.96,-,-0.28%
29-Sep-14,1977.80,1978.96,1981.28,1964.04,-,-0.25%
26-Sep-14,1982.85,1966.22,1986.37,1966.22,-,0.86%
25-Sep-14,1965.99,1997.32,1997.32,1965.99,-,-1.62%
24-Sep-14,1998.30,1983.34,1999.79,1978.63,-,0.78%
23-Sep-14,1982.77,1992.78,1995.41,1982.77,-,-0.58%
22-Sep-14,1994.29,2009.08,2009.08,1991.01,-,-0.80%
19-Sep-14,2010.40,2012.74,2019.26,2006.59,-,-0.05%
18-Sep-14,2011.36,2003.07,2012.34,2003.07,-,0.49%
17-Sep-14,2001.57,1999.30,2010.74,1993.29,-,0.13%
16-Sep-14,1998.98,1981.93,2002.28,1979.06,-,0.75%
15-Sep-14,1984.13,1986.04,1987.18,1978.48,-,-0.07%
12-Sep-14,1985.54,1996.74,1996.74,1980.26,-,-0.60%
11-Sep-14,1997.45,1992.85,1997.65,1985.93,-,0.09%
10-Sep-14,1995.69,1988.41,1996.66,1982.99,-,0.36%
9-Sep-14,1988.44,2000.73,2001.01,1984.61,-,-0.65%
8-Sep-14,2001.54,2007.17,2007.17,1995.60,-,-0.31%
5-Sep-14,2007.71,1998.00,2007.71,1990.10,-,0.50%
4-Sep-14,1997.65,2001.67,2011.17,1992.54,-,-0.15%
3-Sep-14,2000.72,2003.57,2009.28,1998.14,-,-0.08%
2-Sep-14,2002.28,2004.07,2006.12,1994.85,-,-0.05%
29-Aug-14,2003.37,1998.45,2003.38,1994.65,-,0.33%
28-Aug-14,1996.74,1997.42,1998.55,1990.52,-,-0.17%
27-Aug-14,2000.12,2000.54,2002.14,1996.20,-,0.00%
26-Aug-14,2000.02,1998.59,2005.04,1998.59,-,0.11%
25-Aug-14,1997.92,1991.74,2001.95,1991.74,-,0.48%
22-Aug-14,1988.40,1992.60,1993.54,1984.76,-,-0.20%
21-Aug-14,1992.37,1986.82,1994.76,1986.82,-,0.29%
20-Aug-14,1986.51,1980.46,1988.57,1977.68,-,0.25%
19-Aug-14,1981.60,1972.73,1982.57,1972.73,-,0.50%
18-Aug-14,1971.74,1958.36,1971.99,1958.36,-,0.85%
15-Aug-14,1955.06,1958.87,1964.04,1941.50,-,-0.01%
14-Aug-14,1955.18,1947.41,1955.23,1947.41,-,0.43%
13-Aug-14,1946.72,1935.60,1948.41,1935.60,-,0.67%
12-Aug-14,1933.75,1935.73,1939.65,1928.29,-,-0.16%
11-Aug-14,1936.92,1933.43,1944.90,1933.43,-,0.28%
8-Aug-14,1931.59,1910.35,1932.38,1909.01,-,1.15%
7-Aug-14,1909.57,1923.03,1928.89,1904.78,-,-0.56%
6-Aug-14,1920.24,1917.29,1927.91,1911.45,-,0.00%
5-Aug-14,1920.21,1936.34,1936.34,1913.77,-,-0.97%
4-Aug-14,1938.99,1926.62,1942.92,1921.20,-,0.72%
1-Aug-14,1925.15,1929.80,1937.35,1916.37,-,-0.29%
31-Jul-14,1930.67,1965.14,1965.14,1930.67,-,-2.00%
30-Jul-14,1970.07,1973.21,1978.90,1962.42,-,0.01%
29-Jul-14,1969.95,1980.03,1984.85,1969.95,-,-0.45%
28-Jul-14,1978.91,1978.25,1981.52,1967.31,-,0.03%
25-Jul-14,1978.34,1984.60,1984.60,1974.37,-,-0.48%
24-Jul-14,1987.98,1988.07,1991.39,1985.79,-,0.05%
23-Jul-14,1987.01,1985.32,1989.23,1982.44,-,0.18%
22-Jul-14,1983.53,1975.65,1986.24,1975.65,-,0.50%
21-Jul-14,1973.63,1976.93,1976.93,1965.77,-,-0.23%
18-Jul-14,1978.22,1961.54,1979.91,1960.82,-,1.03%
17-Jul-14,1958.12,1979.75,1981.80,1955.59,-,-1.18%
16-Jul-14,1981.57,1976.35,1983.94,1975.67,-,0.42%
15-Jul-14,1973.28,1977.36,1982.52,1965.34,-,-0.19%
14-Jul-14,1977.10,1969.86,1979.85,1969.86,-,0.48%
11-Jul-14,1967.57,1965.76,1968.67,1959.63,-,0.15%
10-Jul-14,1964.68,1966.67,1969.84,1952.86,-,-0.41%
9-Jul-14,1972.83,1965.10,1974.15,1965.10,-,0.46%
8-Jul-14,1963.71,1976.39,1976.39,1959.46,-,-0.70%
7-Jul-14,1977.65,1984.22,1984.22,1974.88,-,-0.39%
3-Jul-14,1985.44,1975.88,1985.59,1975.88,-,0.55%
2-Jul-14,1974.62,1973.06,1976.67,1972.58,-,0.07%
1-Jul-14,1973.32,1962.29,1978.58,1962.29,-,0.67%
30-Jun-14,1960.23,1960.79,1964.24,1958.22,-,-0.04%
27-Jun-14,1960.96,1956.56,1961.47,1952.18,-,0.19%
26-Jun-14,1957.22,1959.89,1959.89,1944.69,-,-0.12%
25-Jun-14,1959.53,1949.27,1960.83,1947.49,-,0.49%
24-Jun-14,1949.98,1961.97,1968.17,1948.34,-,-0.64%
23-Jun-14,1962.61,1962.92,1963.74,1958.89,-,-0.01%
20-Jun-14,1962.87,1960.45,1963.91,1959.17,-,0.17%
19-Jun-14,1959.48,1957.50,1959.87,1952.26,-,0.13%
18-Jun-14,1956.98,1942.73,1957.74,1939.29,-,0.77%
17-Jun-14,1941.99,1937.15,1943.69,1933.55,-,0.22%
16-Jun-14,1937.78,1934.84,1941.15,1930.91,-,0.08%
13-Jun-14,1936.16,1930.80,1937.30,1927.69,-,0.31%
12-Jun-14,1930.11,1943.35,1943.35,1925.78,-,-0.71%
11-Jun-14,1943.89,1949.37,1949.37,1940.08,-,-0.35%
10-Jun-14,1950.79,1950.34,1950.86,1944.64,-,-0.02%
9-Jun-14,1951.27,1948.97,1955.55,1947.16,-,0.09%
6-Jun-14,1949.44,1942.41,1949.44,1942.41,-,0.46%
5-Jun-14,1940.46,1928.52,1941.74,1922.93,-,0.65%
4-Jun-14,1927.88,1923.06,1928.63,1918.60,-,0.19%
3-Jun-14,1924.24,1923.07,1925.07,1918.79,-,-0.04%
2-Jun-14,1924.97,1923.87,1925.88,1915.98,-,0.07%
30-May-14,1923.57,1920.33,1924.03,1916.64,-,0.18%
29-May-14,1920.03,1910.60,1920.03,1909.82,-,0.54%
28-May-14,1909.78,1911.77,1914.46,1907.30,-,-0.11%
27-May-14,1911.91,1902.01,1912.28,1902.01,-,0.60%
23-May-14,1900.53,1893.32,1901.26,1893.32,-,0.42%
22-May-14,1892.49,1888.19,1896.33,1885.39,-,0.24%
21-May-14,1888.03,1873.34,1888.80,1873.34,-,0.81%
20-May-14,1872.83,1884.88,1884.88,1868.14,-,-0.65%
19-May-14,1885.08,1876.66,1886.00,1872.42,-,0.38%
16-May-14,1877.86,1871.19,1878.28,1864.82,-,0.37%
15-May-14,1870.85,1888.16,1888.16,1862.36,-,-0.94%
14-May-14,1888.53,1897.13,1897.13,1885.77,-,-0.47%
13-May-14,1897.45,1896.75,1902.17,1896.06,-,0.04%
12-May-14,1896.65,1880.03,1897.13,1880.03,-,0.97%
9-May-14,1878.48,1875.27,1878.57,1867.02,-,0.15%
8-May-14,1875.63,1877.39,1889.07,1870.05,-,-0.14%
7-May-14,1878.21,1868.53,1878.83,1859.79,-,0.56%
6-May-14,1867.72,1883.69,1883.69,1867.72,-,-0.90%
5-May-14,1884.66,1879.45,1885.51,1866.77,-,0.19%
2-May-14,1881.14,1885.30,1891.33,1878.50,-,-0.13%
1-May-14,1883.68,1884.39,1888.59,1878.04,-,-0.01%
30-Apr-14,1883.95,1877.10,1885.20,1872.69,-,0.30%
29-Apr-14,1878.33,1870.78,1880.60,1870.78,-,0.48%
28-Apr-14,1869.43,1865.00,1877.01,1850.61,-,0.32%
25-Apr-14,1863.40,1877.72,1877.72,1859.70,-,-0.81%
24-Apr-14,1878.61,1881.97,1884.06,1870.24,-,0.17%
23-Apr-14,1875.39,1879.32,1879.75,1873.91,-,-0.22%
22-Apr-14,1879.55,1872.57,1884.89,1872.57,-,0.41%
21-Apr-14,1871.89,1865.79,1871.89,1863.18,-,0.38%
17-Apr-14,1864.85,1861.73,1869.63,1856.72,-,0.14%
16-Apr-14,1862.31,1846.01,1862.31,1846.01,-,1.05%
15-Apr-14,1842.98,1831.45,1844.02,1816.29,-,0.68%
14-Apr-14,1830.61,1818.18,1834.19,1815.80,-,0.82%
11-Apr-14,1815.69,1830.65,1835.07,1814.36,-,-0.95%
10-Apr-14,1833.08,1872.28,1872.53,1830.87,-,-2.09%
9-Apr-14,1872.18,1852.64,1872.43,1852.38,-,1.09%
8-Apr-14,1851.96,1845.48,1854.95,1837.49,-,0.38%
7-Apr-14,1845.04,1863.92,1864.04,1841.48,-,-1.08%
4-Apr-14,1865.09,1890.25,1897.28,1863.26,-,-1.25%
3-Apr-14,1888.77,1891.43,1893.80,1882.65,-,-0.11%
2-Apr-14,1890.90,1886.61,1893.17,1883.79,-,0.29%
1-Apr-14,1885.52,1873.96,1885.84,1873.96,-,0.70%
31-Mar-14,1872.34,1859.16,1875.18,1859.16,-,0.79%
28-Mar-14,1857.62,1850.07,1866.63,1850.07,-,0.46%
27-Mar-14,1849.04,1852.11,1855.55,1842.11,-,-0.19%
26-Mar-14,1852.56,1867.09,1875.92,1852.56,-,-0.70%
25-Mar-14,1865.62,1859.48,1871.87,1855.96,-,0.44%
24-Mar-14,1857.44,1867.67,1873.34,1849.69,-,-0.49%
21-Mar-14,1866.52,1874.53,1883.97,1863.46,-,-0.29%
20-Mar-14,1872.01,1860.09,1873.49,1854.63,-,0.60%
19-Mar-14,1860.77,1872.25,1874.14,1850.35,-,-0.61%
18-Mar-14,1872.25,1858.92,1873.76,1858.92,-,0.72%
17-Mar-14,1858.83,1842.81,1862.30,1842.81,-,0.96%
14-Mar-14,1841.13,1845.07,1852.44,1839.57,-,-0.28%
13-Mar-14,1846.34,1869.06,1874.40,1841.86,-,-1.17%
12-Mar-14,1868.20,1866.15,1868.38,1854.38,-,0.03%
11-Mar-14,1867.63,1878.26,1882.35,1863.88,-,-0.51%
10-Mar-14,1877.17,1877.86,1877.87,1867.04,-,-0.05%
7-Mar-14,1878.04,1878.52,1883.57,1870.56,-,0.05%
6-Mar-14,1877.03,1874.18,1881.94,1874.18,-,0.17%
5-Mar-14,1873.81,1874.05,1876.53,1871.11,-,-0.01%
4-Mar-14,1873.91,1849.23,1876.23,1849.23,-,1.53%
3-Mar-14,1845.73,1857.68,1857.68,1834.44,-,-0.74%
28-Feb-14,1859.45,1855.12,1867.92,1847.67,-,0.28%
27-Feb-14,1854.29,1844.90,1854.53,1841.13,-,0.49%
26-Feb-14,1845.16,1845.79,1852.65,1840.66,-,0.00%
25-Feb-14,1845.12,1847.66,1852.91,1840.19,-,-0.13%
24-Feb-14,1847.61,1836.78,1858.71,1836.78,-,0.62%
21-Feb-14,1836.25,1841.07,1846.13,1835.60,-,-0.19%
20-Feb-14,1839.78,1829.24,1842.79,1824.58,-,0.60%
19-Feb-14,1828.75,1838.90,1847.50,1826.99,-,-0.65%
18-Feb-14,1840.76,1839.03,1842.87,1835.01,-,0.12%
14-Feb-14,1838.63,1828.46,1841.65,1825.59,-,0.48%
13-Feb-14,1829.83,1814.82,1830.25,1809.22,-,0.58%
12-Feb-14,1819.26,1820.12,1826.55,1815.97,-,-0.03%
11-Feb-14,1819.75,1800.45,1823.54,1800.41,-,1.11%
10-Feb-14,1799.84,1796.20,1799.94,1791.83,-,0.16%
7-Feb-14,1797.02,1776.01,1798.03,1776.01,-,1.33%
6-Feb-14,1773.43,1752.99,1774.06,1752.99,-,1.24%
5-Feb-14,1751.64,1753.38,1755.79,1737.92,-,-0.20%
4-Feb-14,1755.20,1743.82,1758.73,1743.82,-,0.76%
3-Feb-14,1741.89,1782.68,1784.83,1739.66,-,-2.28%
31-Jan-14,1782.59,1790.88,1793.88,1772.26,-,-0.65%
30-Jan-14,1794.19,1777.17,1798.77,1777.17,-,1.13%
29-Jan-14,1774.20,1790.15,1790.15,1770.45,-,-1.02%
28-Jan-14,1792.50,1783.00,1793.87,1779.49,-,0.61%
27-Jan-14,1781.56,1791.03,1795.98,1772.88,-,-0.49%
24-Jan-14,1790.29,1826.96,1826.96,1790.29,-,-2.09%
23-Jan-14,1828.46,1842.29,1842.29,1820.06,-,-0.89%
22-Jan-14,1844.86,1844.71,1846.87,1840.88,-,0.06%
21-Jan-14,1843.80,1841.05,1849.31,1832.38,-,0.28%
17-Jan-14,1838.70,1844.23,1846.04,1835.23,-,-0.39%
16-Jan-14,1845.89,1847.99,1847.99,1840.30,-,-0.13%
15-Jan-14,1848.38,1840.52,1850.84,1840.52,-,0.52%
14-Jan-14,1838.88,1821.36,1839.26,1821.36,-,1.08%
13-Jan-14,1819.20,1841.26,1843.45,1815.52,-,-1.26%
10-Jan-14,1842.37,1840.06,1843.15,1832.43,-,0.23%
9-Jan-14,1838.13,1839.00,1843.23,1830.38,-,0.03%
8-Jan-14,1837.49,1837.90,1840.02,1831.40,-,-0.02%
7-Jan-14,1837.88,1828.71,1840.10,1828.71,-,0.61%
6-Jan-14,1826.77,1832.31,1837.16,1823.73,-,-0.25%
3-Jan-14,1831.37,1833.21,1838.24,1829.13,-,-0.03%
2-Jan-14,1831.98,1845.86,1845.86,1827.74,-,-0.89%
31-Dec-13,1848.36,1842.61,1849.44,1842.41,-,0.40%
30-Dec-13,1841.07,1841.47,1842.47,1838.77,-,-0.02%
27-Dec-13,1841.40,1842.97,1844.89,1839.81,-,-0.03%
26-Dec-13,1842.02,1834.96,1842.84,1834.96,-,0.47%
24-Dec-13,1833.32,1828.02,1833.32,1828.02,-,0.29%
23-Dec-13,1827.99,1822.92,1829.75,1822.92,-,0.53%
20-Dec-13,1818.32,1810.39,1823.75,1810.25,-,0.48%
19-Dec-13,1809.60,1809.00,1810.88,1801.35,-,-0.06%
18-Dec-13,1810.65,1781.46,1811.08,1767.99,-,1.66%
17-Dec-13,1781.00,1786.47,1786.77,1777.05,-,-0.31%
16-Dec-13,1786.54,1777.48,1792.22,1777.48,-,0.63%
13-Dec-13,1775.32,1777.98,1780.92,1772.45,-,-0.01%
12-Dec-13,1775.50,1781.71,1782.99,1772.28,-,-0.38%
11-Dec-13,1782.22,1802.76,1802.97,1780.09,-,-1.13%
10-Dec-13,1802.62,1807.60,1808.52,1801.75,-,-0.32%
9-Dec-13,1808.37,1806.21,1811.52,1806.21,-,0.18%
6-Dec-13,1805.09,1788.36,1806.04,1788.36,-,1.12%
5-Dec-13,1785.03,1792.82,1792.82,1783.38,-,-0.43%
4-Dec-13,1792.81,1793.15,1799.80,1779.09,-,-0.13%
3-Dec-13,1795.15,1800.10,1800.10,1787.85,-,-0.32%
2-Dec-13,1800.90,1806.55,1810.02,1798.60,-,-0.27%
29-Nov-13,1805.81,1808.69,1813.55,1803.98,-,-0.08%
27-Nov-13,1807.23,1803.48,1808.27,1802.77,-,0.25%
26-Nov-13,1802.75,1802.87,1808.42,1800.77,-,0.01%
25-Nov-13,1802.48,1806.33,1808.10,1800.58,-,-0.13%
22-Nov-13,1804.76,1797.21,1804.84,1794.70,-,0.50%
21-Nov-13,1795.85,1783.52,1797.16,1783.52,-,0.81%
20-Nov-13,1781.37,1789.59,1795.73,1777.23,-,-0.36%
19-Nov-13,1787.87,1790.79,1795.51,1784.72,-,-0.20%
18-Nov-13,1791.53,1798.82,1802.33,1788.00,-,-0.37%
15-Nov-13,1798.18,1790.66,1798.22,1790.66,-,0.42%
14-Nov-13,1790.62,1782.75,1791.53,1780.22,-,0.48%
13-Nov-13,1782.00,1764.37,1782.00,1760.64,-,0.81%
12-Nov-13,1767.69,1769.51,1771.78,1762.29,-,-0.24%
11-Nov-13,1771.89,1769.96,1773.44,1767.85,-,0.07%
8-Nov-13,1770.61,1748.37,1770.78,1747.63,-,1.34%
7-Nov-13,1747.15,1770.74,1774.54,1746.20,-,-1.32%
6-Nov-13,1770.49,1765.00,1773.74,1764.40,-,0.43%
5-Nov-13,1762.97,1765.67,1767.03,1755.76,-,-0.28%
4-Nov-13,1767.93,1763.40,1768.78,1761.56,-,0.36%
1-Nov-13,1761.64,1758.70,1765.67,1752.70,-,0.29%
31-Oct-13,1756.54,1763.24,1768.53,1755.72,-,-0.38%
30-Oct-13,1763.31,1772.27,1775.22,1757.24,-,-0.49%
29-Oct-13,1771.95,1762.93,1772.09,1762.93,-,0.56%
28-Oct-13,1762.11,1759.42,1764.99,1757.67,-,0.13%
25-Oct-13,1759.77,1756.01,1759.82,1752.45,-,0.44%
24-Oct-13,1752.07,1747.48,1753.94,1745.50,-,0.33%
23-Oct-13,1746.38,1752.27,1752.27,1740.50,-,-0.47%
22-Oct-13,1754.67,1746.48,1759.33,1746.48,-,0.57%
21-Oct-13,1744.66,1745.20,1747.79,1740.67,-,0.01%
18-Oct-13,1744.50,1736.72,1745.31,1735.74,-,0.65%
17-Oct-13,1733.15,1720.17,1733.45,1714.12,-,0.67%
16-Oct-13,1721.54,1700.49,1721.76,1700.49,-,1.38%
15-Oct-13,1698.06,1709.17,1711.57,1695.93,-,-0.71%
14-Oct-13,1710.14,1699.86,1711.03,1692.13,-,0.41%
11-Oct-13,1703.20,1691.09,1703.44,1688.52,-,0.63%
10-Oct-13,1692.56,1660.88,1692.56,1660.88,-,2.18%
9-Oct-13,1656.40,1656.99,1662.47,1646.47,-,0.06%
8-Oct-13,1655.45,1676.22,1676.79,1655.03,-,-1.23%
7-Oct-13,1676.12,1687.15,1687.15,1674.70,-,-0.85%
4-Oct-13,1690.50,1678.79,1691.94,1677.33,-,0.71%
3-Oct-13,1678.66,1692.35,1692.35,1670.36,-,-0.90%
2-Oct-13,1693.87,1691.90,1693.87,1680.34,-,-0.07%
1-Oct-13,1695.00,1682.41,1696.55,1682.07,-,0.80%
30-Sep-13,1681.55,1687.26,1687.26,1674.99,-,-0.60%
27-Sep-13,1691.75,1695.52,1695.52,1687.11,-,-0.41%
26-Sep-13,1698.67,1694.05,1703.85,1693.11,-,0.35%
25-Sep-13,1692.77,1698.02,1701.71,1691.88,-,-0.27%
24-Sep-13,1697.42,1702.60,1707.63,1694.90,-,-0.26%
23-Sep-13,1701.84,1711.44,1711.44,1697.10,-,-0.47%
20-Sep-13,1709.91,1722.44,1725.23,1708.89,-,-0.72%
19-Sep-13,1722.34,1727.34,1729.86,1720.20,-,-0.18%
18-Sep-13,1725.52,1705.74,1729.44,1700.35,-,1.22%
17-Sep-13,1704.76,1697.73,1705.52,1697.73,-,0.42%
16-Sep-13,1697.60,1691.70,1704.95,1691.70,-,0.57%
13-Sep-13,1687.99,1685.04,1688.73,1682.22,-,0.27%
12-Sep-13,1683.42,1689.21,1689.97,1681.96,-,-0.34%
11-Sep-13,1689.13,1681.04,1689.13,1678.70,-,0.31%
10-Sep-13,1683.99,1674.32,1684.09,1674.32,-,0.73%
9-Sep-13,1671.71,1656.85,1672.40,1656.85,-,1.00%
6-Sep-13,1655.17,1657.44,1664.83,1640.62,-,0.01%
5-Sep-13,1655.08,1653.28,1659.17,1653.07,-,0.12%
4-Sep-13,1653.08,1640.72,1655.72,1637.41,-,0.81%
3-Sep-13,1639.77,1635.95,1651.35,1633.41,-,0.42%
30-Aug-13,1632.97,1638.89,1640.08,1628.05,-,-0.32%
29-Aug-13,1638.17,1633.50,1646.41,1630.88,-,0.20%
28-Aug-13,1634.96,1630.25,1641.18,1627.47,-,0.27%
27-Aug-13,1630.48,1652.54,1652.54,1629.05,-,-1.59%
26-Aug-13,1656.78,1664.29,1669.51,1656.02,-,-0.40%
23-Aug-13,1663.50,1659.92,1664.85,1654.81,-,0.39%
22-Aug-13,1656.96,1645.03,1659.55,1645.03,-,0.86%
21-Aug-13,1642.80,1650.66,1656.99,1639.43,-,-0.58%
20-Aug-13,1652.35,1646.81,1658.92,1646.08,-,0.38%
19-Aug-13,1646.06,1655.25,1659.18,1645.84,-,-0.59%
16-Aug-13,1655.83,1661.22,1663.60,1652.61,-,-0.33%
15-Aug-13,1661.32,1679.61,1679.61,1658.59,-,-1.43%
14-Aug-13,1685.39,1693.88,1695.52,1684.83,-,-0.52%
13-Aug-13,1694.16,1690.65,1696.81,1682.62,-,0.28%
12-Aug-13,1689.47,1688.37,1691.49,1683.35,-,-0.12%
9-Aug-13,1691.42,1696.10,1699.42,1686.02,-,-0.36%
8-Aug-13,1697.48,1693.35,1700.18,1688.38,-,0.39%
7-Aug-13,1690.91,1695.30,1695.30,1684.91,-,-0.38%
6-Aug-13,1697.37,1705.79,1705.79,1693.29,-,-0.57%
5-Aug-13,1707.14,1708.01,1709.24,1703.55,-,-0.15%
2-Aug-13,1709.67,1706.10,1709.67,1700.68,-,0.16%
1-Aug-13,1706.87,1689.42,1707.85,1689.42,-,1.25%
31-Jul-13,1685.73,1687.76,1698.43,1684.94,-,-0.01%
30-Jul-13,1685.96,1687.92,1693.19,1682.42,-,0.04%
29-Jul-13,1685.33,1690.32,1690.92,1681.86,-,-0.37%
26-Jul-13,1691.65,1687.31,1691.85,1676.03,-,0.08%
25-Jul-13,1690.25,1685.21,1690.94,1680.07,-,0.26%
24-Jul-13,1685.94,1696.06,1698.38,1682.57,-,-0.38%
23-Jul-13,1692.39,1696.63,1698.78,1691.13,-,-0.19%
22-Jul-13,1695.53,1694.41,1697.61,1690.67,-,0.20%
19-Jul-13,1692.09,1686.15,1692.09,1684.08,-,0.16%
18-Jul-13,1689.37,1681.05,1693.12,1681.05,-,0.50%
17-Jul-13,1680.91,1677.91,1684.75,1677.91,-,0.28%
16-Jul-13,1676.26,1682.70,1683.73,1671.84,-,-0.37%
15-Jul-13,1682.50,1679.59,1684.51,1677.89,-,0.14%
12-Jul-13,1680.19,1675.26,1680.19,1672.33,-,0.31%
11-Jul-13,1675.02,1657.41,1676.63,1657.41,-,1.36%
10-Jul-13,1652.62,1651.56,1657.92,1647.66,-,0.02%
9-Jul-13,1652.32,1642.89,1654.18,1642.89,-,0.72%
8-Jul-13,1640.46,1634.20,1644.68,1634.20,-,0.53%
5-Jul-13,1631.89,1618.65,1632.07,1614.71,-,1.02%
3-Jul-13,1615.41,1611.48,1618.97,1604.57,-,0.08%
2-Jul-13,1614.08,1614.29,1624.26,1606.77,-,-0.05%
1-Jul-13,1614.96,1609.78,1626.61,1609.78,-,0.54%
28-Jun-13,1606.28,1611.12,1615.94,1601.06,-,-0.43%
27-Jun-13,1613.20,1606.44,1620.07,1606.44,-,0.62%
26-Jun-13,1603.26,1592.27,1606.83,1592.27,-,0.96%
25-Jun-13,1588.03,1577.52,1593.79,1577.09,-,0.95%
24-Jun-13,1573.09,1588.77,1588.77,1560.33,-,-1.21%
21-Jun-13,1592.43,1588.62,1599.19,1577.70,-,0.27%
20-Jun-13,1588.19,1624.62,1624.62,1584.32,-,-2.50%
19-Jun-13,1628.93,1651.83,1652.45,1628.91,-,-1.39%
18-Jun-13,1651.81,1639.77,1654.19,1639.77,-,0.78%
17-Jun-13,1639.04,1630.64,1646.50,1630.34,-,0.76%
14-Jun-13,1626.73,1635.52,1640.80,1623.96,-,-0.59%
13-Jun-13,1636.36,1612.15,1639.25,1608.07,-,1.48%
12-Jun-13,1612.52,1629.94,1637.71,1610.92,-,-0.84%
11-Jun-13,1626.13,1638.64,1640.13,1622.92,-,-1.02%
10-Jun-13,1642.81,1644.67,1648.69,1639.26,-,-0.03%
7-Jun-13,1643.38,1625.27,1644.40,1625.27,-,1.28%
6-Jun-13,1622.56,1609.29,1622.56,1598.23,-,0.85%
5-Jun-13,1608.90,1629.05,1629.31,1607.09,-,-1.38%
4-Jun-13,1631.38,1640.73,1646.53,1623.62,-,-0.55%
3-Jun-13,1640.42,1631.71,1640.42,1622.72,-,0.59%
31-May-13,1630.74,1652.13,1658.99,1630.74,-,-1.43%
30-May-13,1654.41,1649.14,1661.91,1648.61,-,0.37%
29-May-13,1648.36,1656.57,1656.57,1640.05,-,-0.70%
28-May-13,1660.06,1652.63,1674.21,1652.63,-,0.63%
24-May-13,1649.60,1646.67,1649.78,1636.88,-,-0.06%
23-May-13,1650.51,1651.62,1655.50,1635.53,-,-0.29%
22-May-13,1655.35,1669.39,1687.18,1648.86,-,-0.83%
21-May-13,1669.16,1666.20,1674.93,1662.67,-,0.17%
20-May-13,1666.29,1665.71,1672.84,1663.52,-,-0.07%
17-May-13,1667.47,1652.45,1667.47,1652.45,-,1.03%
16-May-13,1650.47,1658.07,1660.51,1648.60,-,-0.50%
15-May-13,1658.78,1649.13,1661.49,1646.68,-,0.51%
14-May-13,1650.34,1633.75,1651.10,1633.75,-,1.01%
13-May-13,1633.77,1632.10,1636.00,1626.74,-,0.00%
10-May-13,1633.70,1626.69,1633.70,1623.71,-,0.43%
9-May-13,1626.67,1632.69,1635.01,1623.09,-,-0.37%
8-May-13,1632.69,1625.95,1632.78,1622.70,-,0.41%
7-May-13,1625.96,1617.55,1626.03,1616.64,-,0.52%
6-May-13,1617.50,1614.40,1619.77,1614.21,-,0.19%
3-May-13,1614.42,1597.60,1618.46,1597.60,-,1.05%
2-May-13,1597.59,1582.77,1598.60,1582.77,-,0.94%
1-May-13,1582.70,1597.55,1597.55,1581.28,-,-0.93%
30-Apr-13,1597.57,1593.58,1597.57,1586.50,-,0.25%
29-Apr-13,1593.61,1582.34,1596.65,1582.34,-,0.72%
26-Apr-13,1582.24,1585.16,1585.78,1577.56,-,-0.18%
25-Apr-13,1585.16,1578.93,1592.64,1578.93,-,0.40%
24-Apr-13,1578.79,1578.78,1583.00,1575.80,-,0.00%
23-Apr-13,1578.78,1562.50,1579.58,1562.50,-,1.04%
22-Apr-13,1562.50,1555.25,1565.55,1548.19,-,0.47%
19-Apr-13,1555.25,1541.61,1555.89,1539.40,-,0.88%
18-Apr-13,1541.61,1552.03,1554.38,1536.03,-,-0.67%
17-Apr-13,1552.01,1574.57,1574.57,1543.69,-,-1.43%
16-Apr-13,1574.57,1552.36,1575.35,1552.36,-,1.43%
15-Apr-13,1552.36,1588.84,1588.84,1552.28,-,-2.30%
12-Apr-13,1588.85,1593.30,1593.30,1579.97,-,-0.28%
11-Apr-13,1593.37,1587.73,1597.35,1586.17,-,0.36%
10-Apr-13,1587.73,1568.61,1589.07,1568.61,-,1.22%
9-Apr-13,1568.61,1563.11,1573.89,1560.92,-,0.35%
8-Apr-13,1563.07,1553.26,1563.07,1548.63,-,0.63%
5-Apr-13,1553.28,1559.98,1559.98,1539.50,-,-0.43%
4-Apr-13,1559.98,1553.69,1562.60,1552.52,-,0.40%
3-Apr-13,1553.69,1570.25,1571.47,1549.80,-,-1.05%
2-Apr-13,1570.25,1562.17,1573.66,1562.17,-,0.52%
1-Apr-13,1562.17,1569.18,1570.57,1558.47,-,-0.45%
28-Mar-13,1569.19,1562.86,1570.28,1561.08,-,0.41%
27-Mar-13,1562.85,1563.75,1564.07,1551.90,-,-0.06%
26-Mar-13,1563.77,1551.69,1563.95,1551.69,-,0.78%
25-Mar-13,1551.69,1556.89,1564.91,1546.22,-,-0.33%
22-Mar-13,1556.89,1545.90,1557.74,1545.90,-,0.72%
21-Mar-13,1545.80,1558.71,1558.71,1543.55,-,-0.83%
20-Mar-13,1558.71,1548.34,1561.56,1548.34,-,0.67%
19-Mar-13,1548.34,1552.10,1557.25,1538.57,-,-0.24%
18-Mar-13,1552.10,1560.70,1560.70,1545.13,-,-0.55%
15-Mar-13,1560.70,1563.21,1563.62,1555.74,-,-0.16%
14-Mar-13,1563.23,1554.52,1563.32,1554.52,-,0.56%
13-Mar-13,1554.52,1552.48,1556.39,1548.25,-,0.13%
12-Mar-13,1552.48,1556.22,1556.77,1548.24,-,-0.24%
11-Mar-13,1556.22,1551.15,1556.27,1547.36,-,0.32%
8-Mar-13,1551.18,1544.26,1552.48,1542.94,-,0.45%
7-Mar-13,1544.26,1541.46,1545.78,1541.46,-,0.18%
6-Mar-13,1541.46,1539.79,1545.25,1538.11,-,0.11%
5-Mar-13,1539.79,1525.20,1543.47,1525.20,-,0.96%
4-Mar-13,1525.20,1518.20,1525.27,1512.29,-,0.46%
1-Mar-13,1518.20,1514.68,1519.99,1501.48,-,0.23%
28-Feb-13,1514.68,1515.99,1525.34,1514.46,-,-0.09%
27-Feb-13,1515.99,1496.94,1520.08,1494.88,-,1.27%
26-Feb-13,1496.94,1487.85,1498.99,1485.01,-,0.61%
25-Feb-13,1487.85,1515.60,1525.84,1487.85,-,-1.83%
22-Feb-13,1515.60,1502.42,1515.64,1502.42,-,0.88%
21-Feb-13,1502.42,1511.95,1511.95,1497.29,-,-0.63%
20-Feb-13,1511.95,1530.94,1530.94,1511.41,-,-1.24%
19-Feb-13,1530.94,1519.79,1530.94,1519.79,-,0.73%
15-Feb-13,1519.79,1521.38,1524.24,1514.14,-,-0.10%
14-Feb-13,1521.38,1520.33,1523.14,1514.02,-,0.07%
13-Feb-13,1520.33,1519.43,1524.69,1515.93,-,0.06%
12-Feb-13,1519.43,1517.01,1522.29,1515.61,-,0.16%
11-Feb-13,1517.01,1517.93,1518.31,1513.61,-,-0.06%
8-Feb-13,1517.93,1509.39,1518.31,1509.39,-,0.57%
7-Feb-13,1509.39,1512.12,1512.90,1498.49,-,-0.18%
6-Feb-13,1512.12,1511.29,1512.53,1504.71,-,0.05%
5-Feb-13,1511.29,1495.71,1514.96,1495.71,-,1.04%
4-Feb-13,1495.71,1513.17,1513.17,1495.02,-,-1.15%
1-Feb-13,1513.17,1498.11,1514.41,1498.11,-,1.01%
31-Jan-13,1498.11,1501.96,1504.19,1496.76,-,-0.26%
30-Jan-13,1501.96,1507.84,1509.94,1500.11,-,-0.39%
29-Jan-13,1507.84,1500.18,1509.35,1498.09,-,0.51%
28-Jan-13,1500.18,1502.96,1503.23,1496.33,-,-0.18%
25-Jan-13,1502.96,1494.82,1503.26,1494.82,-,0.54%
24-Jan-13,1494.82,1494.81,1502.27,1489.46,-,0.00%
23-Jan-13,1494.81,1492.56,1496.13,1489.90,-,0.15%
22-Jan-13,1492.56,1485.98,1492.56,1481.16,-,0.44%
18-Jan-13,1485.98,1480.95,1485.98,1475.81,-,0.34%
17-Jan-13,1480.94,1472.63,1485.16,1472.63,-,0.56%
16-Jan-13,1472.63,1472.33,1473.96,1467.60,-,0.02%
15-Jan-13,1472.34,1470.67,1473.31,1463.76,-,0.11%
14-Jan-13,1470.68,1472.05,1472.05,1465.69,-,-0.09%
11-Jan-13,1472.05,1472.12,1472.75,1467.58,-,0.00%
10-Jan-13,1472.12,1464.64,1472.30,1461.02,-,0.76%
9-Jan-13,1461.02,1457.15,1464.73,1457.15,-,0.27%
8-Jan-13,1457.15,1461.89,1461.89,1451.64,-,-0.32%
7-Jan-13,1461.89,1466.47,1466.47,1456.62,-,-0.31%
4-Jan-13,1466.47,1459.37,1467.94,1458.99,-,0.49%
3-Jan-13,1459.37,1462.42,1465.47,1455.53,-,-0.21%
2-Jan-13,1462.42,1426.19,1462.43,1426.19,-,2.54%
31-Dec-12,1426.19,1402.43,1426.74,1398.11,-,1.69%
28-Dec-12,1402.43,1418.10,1418.10,1401.58,-,-1.10%
27-Dec-12,1418.10,1419.83,1422.80,1401.80,-,-0.12%
26-Dec-12,1419.83,1426.66,1429.42,1416.43,-,-0.48%
24-Dec-12,1426.66,1430.15,1430.15,1424.66,-,-0.24%
21-Dec-12,1430.15,1443.67,1443.67,1422.58,-,-0.94%
20-Dec-12,1443.69,1435.81,1443.70,1432.82,-,0.55%
19-Dec-12,1435.81,1446.79,1447.75,1435.80,-,-0.76%
18-Dec-12,1446.79,1430.47,1448.00,1430.47,-,1.15%
17-Dec-12,1430.36,1413.54,1430.67,1413.54,-,1.19%
14-Dec-12,1413.58,1419.45,1419.45,1411.88,-,-0.41%
13-Dec-12,1419.45,1428.48,1431.36,1416.00,-,-0.63%
12-Dec-12,1428.48,1427.84,1438.59,1426.76,-,0.04%
11-Dec-12,1427.84,1418.55,1434.27,1418.55,-,0.65%
10-Dec-12,1418.55,1418.07,1421.64,1415.64,-,0.03%
7-Dec-12,1418.07,1413.95,1420.34,1410.90,-,0.29%
6-Dec-12,1413.94,1409.43,1413.95,1405.93,-,0.33%
5-Dec-12,1409.28,1407.05,1415.56,1398.23,-,0.16%
4-Dec-12,1407.05,1409.46,1413.14,1403.65,-,-0.17%
3-Dec-12,1409.46,1416.34,1423.73,1408.46,-,-0.47%
30-Nov-12,1416.18,1415.95,1418.86,1411.63,-,0.02%
29-Nov-12,1415.95,1409.96,1419.70,1409.04,-,0.43%
28-Nov-12,1409.93,1398.77,1410.31,1385.43,-,0.79%
27-Nov-12,1398.94,1406.29,1409.01,1398.03,-,-0.52%
26-Nov-12,1406.29,1409.15,1409.15,1397.68,-,-0.20%
23-Nov-12,1409.15,1391.03,1409.16,1391.03,-,1.30%
21-Nov-12,1391.03,1387.79,1391.25,1386.39,-,0.23%
20-Nov-12,1387.81,1386.82,1389.77,1377.04,-,0.07%
19-Nov-12,1386.89,1359.88,1386.89,1359.88,-,1.99%
16-Nov-12,1359.88,1353.36,1362.03,1343.35,-,0.48%
15-Nov-12,1353.33,1355.41,1360.62,1348.05,-,-0.16%
14-Nov-12,1355.49,1374.64,1380.13,1352.50,-,-1.39%
13-Nov-12,1374.53,1380.03,1388.81,1371.39,-,-0.40%
12-Nov-12,1380.03,1379.86,1384.87,1377.19,-,0.01%
9-Nov-12,1379.85,1377.55,1391.39,1373.03,-,0.17%
8-Nov-12,1377.51,1394.53,1401.23,1377.51,-,-1.22%
7-Nov-12,1394.53,1428.27,1428.27,1388.14,-,-2.37%
6-Nov-12,1428.39,1417.26,1433.38,1417.26,-,0.79%
5-Nov-12,1417.26,1414.02,1419.90,1408.13,-,0.22%
2-Nov-12,1414.20,1427.59,1434.27,1412.91,-,-0.94%
1-Nov-12,1427.59,1412.20,1428.35,1412.20,-,1.09%
31-Oct-12,1412.16,1410.99,1418.76,1405.95,-,0.02%
26-Oct-12,1411.94,1412.97,1417.09,1403.28,-,-0.07%
25-Oct-12,1412.97,1409.74,1421.12,1405.14,-,0.30%
24-Oct-12,1408.75,1413.20,1420.04,1407.10,-,-0.31%
23-Oct-12,1413.11,1433.74,1433.74,1407.56,-,-1.44%
22-Oct-12,1433.82,1433.21,1435.46,1422.06,-,0.04%
19-Oct-12,1433.19,1457.34,1457.34,1429.85,-,-1.66%
18-Oct-12,1457.34,1460.94,1464.02,1452.63,-,-0.24%
17-Oct-12,1460.91,1454.22,1462.20,1453.35,-,0.41%
16-Oct-12,1454.92,1440.31,1455.51,1440.31,-,1.03%
15-Oct-12,1440.13,1428.75,1441.31,1427.24,-,0.81%
12-Oct-12,1428.59,1432.84,1438.43,1425.53,-,-0.30%
11-Oct-12,1432.84,1432.82,1443.90,1432.82,-,0.02%
10-Oct-12,1432.56,1441.48,1442.52,1430.64,-,-0.62%
9-Oct-12,1441.48,1455.90,1455.90,1441.18,-,-0.99%
8-Oct-12,1455.88,1460.93,1460.93,1453.10,-,-0.35%
5-Oct-12,1460.93,1461.40,1470.96,1456.89,-,-0.03%
4-Oct-12,1461.40,1451.08,1463.14,1451.08,-,0.72%
3-Oct-12,1450.99,1446.05,1454.30,1441.99,-,0.36%
2-Oct-12,1445.75,1444.99,1451.52,1439.01,-,0.09%
1-Oct-12,1444.49,1440.90,1457.14,1440.90,-,0.27%
28-Sep-12,1440.67,1447.13,1447.13,1435.60,-,-0.45%
27-Sep-12,1447.15,1433.36,1450.20,1433.36,-,0.96%
26-Sep-12,1433.32,1441.60,1441.60,1430.53,-,-0.57%
25-Sep-12,1441.59,1456.94,1463.24,1441.59,-,-1.05%
24-Sep-12,1456.89,1459.76,1460.72,1452.06,-,-0.22%
21-Sep-12,1460.15,1460.34,1467.07,1459.51,-,-0.01%
20-Sep-12,1460.26,1461.05,1461.23,1449.98,-,-0.05%
19-Sep-12,1461.05,1459.50,1465.15,1457.88,-,0.12%
18-Sep-12,1459.32,1461.19,1461.47,1456.13,-,-0.13%
17-Sep-12,1461.19,1465.42,1465.63,1457.55,-,-0.31%
14-Sep-12,1465.77,1460.07,1474.51,1460.07,-,0.40%
13-Sep-12,1459.99,1436.56,1463.76,1435.34,-,1.63%
12-Sep-12,1436.56,1433.56,1439.15,1432.99,-,0.21%
11-Sep-12,1433.56,1429.13,1437.76,1429.13,-,0.31%
10-Sep-12,1429.08,1437.92,1438.74,1428.98,-,-0.61%
7-Sep-12,1437.92,1432.12,1437.92,1431.45,-,0.40%
6-Sep-12,1432.12,1403.44,1432.12,1403.44,-,2.04%
5-Sep-12,1403.44,1404.94,1408.81,1401.25,-,-0.11%
4-Sep-12,1404.94,1406.54,1409.31,1396.56,-,-0.12%
31-Aug-12,1406.58,1400.07,1413.09,1398.96,-,0.51%
30-Aug-12,1399.48,1410.08,1410.08,1397.01,-,-0.78%
29-Aug-12,1410.49,1409.32,1413.95,1406.57,-,0.08%
28-Aug-12,1409.30,1410.44,1413.63,1405.59,-,-0.08%
27-Aug-12,1410.44,1411.13,1416.17,1409.11,-,-0.05%
24-Aug-12,1411.13,1401.99,1413.46,1398.04,-,0.65%
23-Aug-12,1402.08,1413.49,1413.49,1400.50,-,-0.81%
22-Aug-12,1413.49,1413.09,1416.12,1406.78,-,0.02%
21-Aug-12,1413.17,1418.13,1426.68,1410.86,-,-0.35%
20-Aug-12,1418.13,1417.85,1418.13,1412.12,-,0.00%
17-Aug-12,1418.16,1415.84,1418.71,1414.67,-,0.19%
16-Aug-12,1415.51,1406.61,1417.44,1404.15,-,0.71%
15-Aug-12,1405.53,1403.89,1407.73,1401.83,-,0.11%
14-Aug-12,1403.93,1404.36,1410.03,1400.60,-,-0.01%
13-Aug-12,1404.11,1405.87,1405.87,1397.32,-,-0.13%
10-Aug-12,1405.87,1402.58,1405.98,1395.62,-,0.22%
9-Aug-12,1402.80,1402.26,1405.95,1398.80,-,0.04%
8-Aug-12,1402.22,1401.23,1404.14,1396.13,-,0.06%
7-Aug-12,1401.35,1394.46,1407.14,1394.46,-,0.51%
6-Aug-12,1394.23,1391.04,1399.63,1391.04,-,0.23%
3-Aug-12,1390.99,1365.45,1394.16,1365.45,-,1.90%
2-Aug-12,1365.00,1375.13,1375.13,1354.65,-,-0.74%
1-Aug-12,1375.14,1379.32,1385.03,1373.35,-,-0.30%
31-Jul-12,1379.32,1385.27,1387.16,1379.17,-,-0.43%
30-Jul-12,1385.30,1385.94,1391.74,1381.37,-,-0.05%
27-Jul-12,1385.97,1360.05,1389.19,1360.05,-,1.91%
26-Jul-12,1360.02,1338.17,1363.13,1338.17,-,1.65%
25-Jul-12,1337.89,1338.35,1343.98,1331.50,-,-0.03%
24-Jul-12,1338.31,1350.52,1351.53,1329.24,-,-0.90%
23-Jul-12,1350.52,1362.34,1362.34,1337.56,-,-0.89%
20-Jul-12,1362.66,1376.51,1376.51,1362.19,-,-1.01%
19-Jul-12,1376.51,1373.01,1380.39,1371.21,-,0.27%
18-Jul-12,1372.78,1363.58,1375.26,1358.96,-,0.67%
17-Jul-12,1363.67,1353.68,1365.36,1345.07,-,0.74%
16-Jul-12,1353.64,1356.50,1357.26,1348.51,-,-0.23%
13-Jul-12,1356.78,1334.81,1357.70,1334.81,-,1.65%
12-Jul-12,1334.76,1341.29,1341.29,1325.41,-,-0.50%
11-Jul-12,1341.45,1341.40,1345.00,1333.25,-,0.00%
10-Jul-12,1341.47,1352.96,1361.54,1336.27,-,-0.81%
9-Jul-12,1352.46,1354.66,1354.87,1346.65,-,-0.16%
6-Jul-12,1354.68,1367.09,1367.09,1348.03,-,-0.94%
5-Jul-12,1367.58,1373.72,1373.85,1363.02,-,-0.47%
3-Jul-12,1374.02,1365.75,1374.81,1363.53,-,0.62%
2-Jul-12,1365.51,1362.33,1366.35,1355.70,-,0.25%
29-Jun-12,1362.16,1330.12,1362.17,1330.12,-,2.49%
28-Jun-12,1329.04,1331.52,1331.52,1313.29,-,-0.21%
27-Jun-12,1331.85,1320.71,1334.40,1320.71,-,0.90%
26-Jun-12,1319.99,1314.09,1324.24,1310.30,-,0.48%
25-Jun-12,1313.72,1334.90,1334.90,1309.27,-,-1.60%
22-Jun-12,1335.02,1325.92,1337.82,1325.92,-,0.72%
21-Jun-12,1325.51,1355.43,1358.27,1324.41,-,-2.23%
20-Jun-12,1355.69,1358.04,1361.57,1346.45,-,-0.17%
19-Jun-12,1357.98,1344.83,1363.46,1344.83,-,0.98%
18-Jun-12,1344.78,1342.42,1348.22,1334.46,-,0.14%
15-Jun-12,1342.84,1329.19,1343.32,1329.19,-,1.03%
14-Jun-12,1329.10,1314.88,1333.68,1314.14,-,1.08%
13-Jun-12,1314.88,1324.02,1327.28,1310.51,-,-0.70%
12-Jun-12,1324.18,1309.40,1324.31,1306.62,-,1.17%
11-Jun-12,1308.93,1325.72,1335.52,1307.73,-,-1.26%
8-Jun-12,1325.66,1314.99,1325.81,1307.77,-,0.81%
7-Jun-12,1314.99,1316.15,1329.05,1312.68,-,-0.01%
6-Jun-12,1315.13,1285.61,1315.13,1285.61,-,2.30%
5-Jun-12,1285.50,1277.82,1287.62,1274.16,-,0.57%
4-Jun-12,1278.18,1278.29,1282.55,1266.74,-,0.01%
1-Jun-12,1278.04,1309.87,1309.87,1277.25,-,-2.46%
31-May-12,1310.33,1313.09,1319.74,1298.90,-,-0.23%
30-May-12,1313.32,1331.25,1331.25,1310.76,-,-1.43%
29-May-12,1332.42,1318.90,1334.93,1318.90,-,1.11%
25-May-12,1317.82,1320.81,1324.20,1314.23,-,-0.22%
24-May-12,1320.68,1318.72,1324.14,1310.50,-,0.14%
23-May-12,1318.86,1316.02,1320.71,1296.53,-,0.17%
22-May-12,1316.63,1316.09,1328.49,1310.04,-,0.05%
21-May-12,1315.99,1295.73,1316.39,1295.73,-,1.60%
18-May-12,1295.22,1305.05,1312.24,1291.98,-,-0.74%
17-May-12,1304.86,1324.82,1326.36,1304.86,-,-1.51%
16-May-12,1324.80,1330.78,1341.78,1324.79,-,-0.44%
15-May-12,1330.66,1338.36,1344.94,1328.41,-,-0.57%
14-May-12,1338.35,1351.93,1351.93,1336.61,-,-1.11%
11-May-12,1353.39,1358.11,1365.66,1348.89,-,-0.34%
10-May-12,1357.99,1354.58,1365.88,1354.58,-,0.25%
9-May-12,1354.58,1363.20,1363.73,1343.13,-,-0.67%
8-May-12,1363.72,1369.16,1369.16,1347.75,-,-0.43%
7-May-12,1369.58,1368.79,1373.91,1363.94,-,0.04%
4-May-12,1369.10,1391.51,1391.51,1367.96,-,-1.61%
3-May-12,1391.57,1402.32,1403.07,1388.71,-,-0.77%
2-May-12,1402.31,1405.50,1405.50,1393.92,-,-0.25%
1-May-12,1405.82,1397.86,1415.32,1395.73,-,0.57%
30-Apr-12,1397.91,1403.26,1403.26,1394.00,-,-0.39%
27-Apr-12,1403.36,1400.19,1406.64,1397.31,-,0.24%
26-Apr-12,1399.98,1390.64,1402.09,1387.28,-,0.67%
25-Apr-12,1390.69,1372.11,1391.37,1372.11,-,1.36%
24-Apr-12,1371.97,1366.97,1375.57,1366.82,-,0.37%
23-Apr-12,1366.94,1378.53,1378.53,1358.79,-,-0.84%
20-Apr-12,1378.53,1376.96,1387.40,1376.96,-,0.12%
19-Apr-12,1376.92,1385.08,1390.46,1370.30,-,-0.59%
18-Apr-12,1385.14,1390.78,1390.78,1383.29,-,-0.41%
17-Apr-12,1390.78,1369.57,1392.76,1369.57,-,1.55%
16-Apr-12,1369.57,1370.27,1379.66,1365.38,-,-0.05%
13-Apr-12,1370.26,1387.61,1387.61,1369.85,-,-1.25%
12-Apr-12,1387.57,1368.77,1388.13,1368.77,-,1.38%
11-Apr-12,1368.71,1358.98,1374.71,1358.98,-,0.74%
10-Apr-12,1358.59,1382.18,1383.01,1357.38,-,-1.71%
9-Apr-12,1382.20,1397.45,1397.45,1378.24,-,-1.14%
5-Apr-12,1398.08,1398.79,1401.60,1392.92,-,-0.06%
4-Apr-12,1398.96,1413.09,1413.09,1394.09,-,-1.02%
3-Apr-12,1413.38,1418.98,1419.00,1404.62,-,-0.40%
2-Apr-12,1419.04,1408.47,1422.38,1404.46,-,0.75%
30-Mar-12,1408.47,1403.31,1410.89,1401.42,-,0.37%
29-Mar-12,1403.28,1405.39,1405.39,1391.56,-,-0.16%
28-Mar-12,1405.54,1412.52,1413.65,1397.20,-,-0.49%
27-Mar-12,1412.52,1416.55,1419.15,1411.95,-,-0.28%
26-Mar-12,1416.51,1397.11,1416.58,1397.11,-,1.39%
23-Mar-12,1397.11,1392.78,1399.18,1386.87,-,0.31%
22-Mar-12,1392.78,1402.89,1402.89,1388.73,-,-0.72%
21-Mar-12,1402.89,1405.52,1407.75,1400.64,-,-0.19%
20-Mar-12,1405.52,1409.59,1409.59,1397.68,-,-0.30%
19-Mar-12,1409.75,1404.17,1414.00,1402.43,-,0.40%
16-Mar-12,1404.17,1402.55,1405.88,1401.47,-,0.11%
15-Mar-12,1402.60,1394.17,1402.63,1392.78,-,0.60%
14-Mar-12,1394.28,1395.95,1399.42,1389.97,-,-0.12%
13-Mar-12,1395.95,1371.92,1396.13,1371.92,-,1.81%
12-Mar-12,1371.09,1370.78,1373.04,1366.69,-,0.02%
9-Mar-12,1370.87,1365.97,1374.76,1365.97,-,0.36%
8-Mar-12,1365.91,1352.65,1368.72,1352.65,-,0.98%
7-Mar-12,1352.63,1343.39,1354.85,1343.39,-,0.69%
6-Mar-12,1343.36,1363.63,1363.63,1340.03,-,-1.54%
5-Mar-12,1364.33,1369.59,1369.59,1359.13,-,-0.39%
2-Mar-12,1369.63,1374.09,1374.53,1366.42,-,-0.32%
1-Mar-12,1374.09,1365.90,1376.17,1365.90,-,0.62%
29-Feb-12,1365.68,1372.20,1378.04,1363.81,-,-0.47%
28-Feb-12,1372.18,1367.56,1373.09,1365.97,-,0.34%
27-Feb-12,1367.59,1365.20,1371.94,1354.92,-,0.14%
24-Feb-12,1365.74,1363.46,1368.92,1363.46,-,0.17%
23-Feb-12,1363.46,1357.53,1364.24,1352.28,-,0.43%
22-Feb-12,1357.66,1362.11,1362.70,1355.53,-,-0.33%
21-Feb-12,1362.21,1361.22,1367.76,1358.11,-,0.07%
17-Feb-12,1361.23,1358.06,1363.40,1357.24,-,0.23%
16-Feb-12,1358.04,1342.61,1359.02,1341.22,-,1.10%
15-Feb-12,1343.23,1350.52,1355.87,1340.80,-,-0.54%
14-Feb-12,1350.50,1351.30,1351.30,1340.83,-,-0.09%
13-Feb-12,1351.77,1343.06,1353.35,1343.06,-,0.68%
10-Feb-12,1342.64,1351.21,1351.21,1337.35,-,-0.69%
9-Feb-12,1351.95,1349.97,1354.32,1344.63,-,0.15%
8-Feb-12,1349.96,1347.04,1351.00,1341.95,-,0.22%
7-Feb-12,1347.05,1344.33,1349.24,1335.92,-,0.20%
6-Feb-12,1344.33,1344.32,1344.36,1337.52,-,-0.04%
3-Feb-12,1344.90,1326.21,1345.34,1326.21,-,1.46%
2-Feb-12,1325.54,1324.24,1329.19,1321.57,-,0.11%
1-Feb-12,1324.09,1312.45,1330.52,1312.45,-,0.89%
31-Jan-12,1312.41,1313.53,1321.41,1306.69,-,-0.05%
30-Jan-12,1313.01,1316.16,1316.16,1300.49,-,-0.25%
27-Jan-12,1316.33,1318.25,1320.06,1311.72,-,-0.16%
26-Jan-12,1318.43,1326.28,1333.47,1313.60,-,-0.57%
25-Jan-12,1326.05,1314.40,1328.30,1307.65,-,0.87%
24-Jan-12,1314.65,1315.96,1315.96,1306.06,-,-0.10%
23-Jan-12,1316.00,1315.29,1322.28,1309.89,-,0.05%
20-Jan-12,1315.38,1314.49,1315.38,1309.17,-,0.07%
19-Jan-12,1314.50,1308.07,1315.49,1308.07,-,0.49%
18-Jan-12,1308.04,1293.65,1308.11,1290.99,-,1.11%
17-Jan-12,1293.67,1290.22,1303.00,1290.22,-,0.36%
13-Jan-12,1289.09,1294.82,1294.82,1277.58,-,-0.49%
12-Jan-12,1295.50,1292.48,1296.82,1285.77,-,0.23%
11-Jan-12,1292.48,1292.02,1293.80,1285.41,-,0.03%
10-Jan-12,1292.08,1280.77,1296.46,1280.77,-,0.89%
9-Jan-12,1280.70,1277.83,1281.99,1274.55,-,0.23%
6-Jan-12,1277.81,1280.93,1281.84,1273.34,-,-0.25%
5-Jan-12,1281.06,1277.30,1283.05,1265.26,-,0.29%
4-Jan-12,1277.30,1277.03,1278.73,1268.10,-,0.02%
3-Jan-12,1277.06,1258.86,1284.62,1258.86,-,1.55%